Sample_ID,Antigens,Compartment,Isotype,Log10_Value,HIV_Status
DEI101,Nucleocapsid,NLF,IgA,1.7200000000000002,HIV-
DEI101,Nucleocapsid,Serum,IgA,2.3,HIV-
DEI101,Nucleocapsid,BAL,IgA,1.9,HIV-
DEI101,Nucleocapsid,NLF,IgG,0.44,HIV-
DEI101,Nucleocapsid,Serum,IgG,3.33,HIV-
DEI101,Nucleocapsid,BAL,IgG,1.52,HIV-
DEI102,Nucleocapsid,NLF,IgA,1.2599999999999998,HIV-
DEI102,Nucleocapsid,Serum,IgA,1.88,HIV-
DEI102,Nucleocapsid,BAL,IgA,1.3599999999999999,HIV-
DEI102,Nucleocapsid,NLF,IgG,0.87,HIV-
DEI102,Nucleocapsid,Serum,IgG,1.84,HIV-
DEI102,Nucleocapsid,BAL,IgG,1.8,HIV-
DEI103,Nucleocapsid,NLF,IgA,1.19,HIV-
DEI103,Nucleocapsid,Serum,IgA,1.46,HIV-
DEI103,Nucleocapsid,BAL,IgA,2.45,HIV-
DEI103,Nucleocapsid,NLF,IgG,1,HIV-
DEI103,Nucleocapsid,Serum,IgG,1.82,HIV-
DEI103,Nucleocapsid,BAL,IgG,1.51,HIV-
DEI104,Nucleocapsid,NLF,IgA,1.5099999999999998,HIV-
DEI104,Nucleocapsid,Serum,IgA,1.65,HIV-
DEI104,Nucleocapsid,BAL,IgA,1.6800000000000002,HIV-
DEI104,Nucleocapsid,NLF,IgG,1,HIV-
DEI104,Nucleocapsid,Serum,IgG,3.33,HIV-
DEI104,Nucleocapsid,BAL,IgG,1.64,HIV-
DEI105,Nucleocapsid,NLF,IgA,1.9900000000000002,HIV-
DEI105,Nucleocapsid,Serum,IgA,2.04,HIV-
DEI105,Nucleocapsid,BAL,IgA,1.9500000000000002,HIV-
DEI105,Nucleocapsid,NLF,IgG,0.64,HIV-
DEI105,Nucleocapsid,Serum,IgG,2.97,HIV-
DEI105,Nucleocapsid,BAL,IgG,1.75,HIV-
DEI106,Nucleocapsid,NLF,IgA,3.1799999999999997,HIV-
DEI106,Nucleocapsid,Serum,IgA,2.34,HIV-
DEI106,Nucleocapsid,BAL,IgA,2.34,HIV-
DEI106,Nucleocapsid,NLF,IgG,1.37,HIV-
DEI106,Nucleocapsid,Serum,IgG,2.1,HIV-
DEI106,Nucleocapsid,BAL,IgG,1.03,HIV-
DEI107,Nucleocapsid,NLF,IgA,0.94,HIV-
DEI107,Nucleocapsid,Serum,IgA,1.5,HIV-
DEI107,Nucleocapsid,BAL,IgA,1.5899999999999999,HIV-
DEI107,Nucleocapsid,NLF,IgG,1.08,HIV-
DEI107,Nucleocapsid,Serum,IgG,3.15,HIV-
DEI107,Nucleocapsid,BAL,IgG,1.64,HIV-
DEI108,Nucleocapsid,NLF,IgA,2.25,HIV-
DEI108,Nucleocapsid,Serum,IgA,2.3,HIV-
DEI108,Nucleocapsid,BAL,IgA,2.03,HIV-
DEI108,Nucleocapsid,NLF,IgG,1,HIV-
DEI108,Nucleocapsid,Serum,IgG,2.82,HIV-
DEI108,Nucleocapsid,BAL,IgG,1.79,HIV-
DEI109,Nucleocapsid,NLF,IgA,1.96,HIV-
DEI109,Nucleocapsid,Serum,IgA,3.1500000000000004,HIV-
DEI109,Nucleocapsid,BAL,IgA,2.27,HIV-
DEI109,Nucleocapsid,NLF,IgG,1,HIV-
DEI109,Nucleocapsid,Serum,IgG,2.09,HIV-
DEI109,Nucleocapsid,BAL,IgG,1.36,HIV-
DEI10A,Nucleocapsid,NLF,IgA,1.23,HIV-
DEI10A,Nucleocapsid,Serum,IgA,1.7000000000000002,HIV-
DEI10A,Nucleocapsid,BAL,IgA,1.75,HIV-
DEI10A,Nucleocapsid,NLF,IgG,0.69,HIV-
DEI10A,Nucleocapsid,Serum,IgG,2.24,HIV-
DEI10A,Nucleocapsid,BAL,IgG,1.08,HIV-
DEI10B,Nucleocapsid,NLF,IgA,1.4,HIV-
DEI10B,Nucleocapsid,Serum,IgA,2.78,HIV-
DEI10B,Nucleocapsid,BAL,IgA,1.87,HIV-
DEI10B,Nucleocapsid,NLF,IgG,2.37,HIV-
DEI10B,Nucleocapsid,Serum,IgG,3.55,HIV-
DEI10B,Nucleocapsid,BAL,IgG,2.2,HIV-
DEI10C,Nucleocapsid,NLF,IgA,1.63,HIV-
DEI10C,Nucleocapsid,Serum,IgA,2.44,HIV-
DEI10C,Nucleocapsid,BAL,IgA,2.09,HIV-
DEI10C,Nucleocapsid,NLF,IgG,1.32,HIV-
DEI10C,Nucleocapsid,Serum,IgG,3.78,HIV-
DEI10C,Nucleocapsid,BAL,IgG,2.78,HIV-
DEI10D,Nucleocapsid,NLF,IgA,0.8200000000000001,HIV-
DEI10D,Nucleocapsid,Serum,IgA,2.07,HIV-
DEI10D,Nucleocapsid,BAL,IgA,1.81,HIV-
DEI10D,Nucleocapsid,NLF,IgG,1,HIV-
DEI10D,Nucleocapsid,Serum,IgG,2.67,HIV-
DEI10D,Nucleocapsid,BAL,IgG,1.11,HIV-
DEI10E,Nucleocapsid,NLF,IgA,0.3899999999999999,HIV-
DEI10E,Nucleocapsid,Serum,IgA,1.52,HIV-
DEI10E,Nucleocapsid,BAL,IgA,1.5899999999999999,HIV-
DEI10E,Nucleocapsid,NLF,IgG,0.4,HIV-
DEI10E,Nucleocapsid,Serum,IgG,1.86,HIV-
DEI10E,Nucleocapsid,BAL,IgG,0.99,HIV-
DEI10F,Nucleocapsid,NLF,IgA,1.9100000000000001,HIV-
DEI10F,Nucleocapsid,Serum,IgA,1.62,HIV-
DEI10F,Nucleocapsid,BAL,IgA,2.01,HIV-
DEI10F,Nucleocapsid,NLF,IgG,1.57,HIV-
DEI10F,Nucleocapsid,Serum,IgG,2.09,HIV-
DEI10F,Nucleocapsid,BAL,IgG,1.23,HIV-
DEI10G,Nucleocapsid,NLF,IgA,1.06,HIV-
DEI10G,Nucleocapsid,Serum,IgA,1.56,HIV-
DEI10G,Nucleocapsid,BAL,IgA,1.81,HIV-
DEI10G,Nucleocapsid,NLF,IgG,0.74,HIV-
DEI10G,Nucleocapsid,Serum,IgG,1.63,HIV-
DEI10G,Nucleocapsid,BAL,IgG,0.8,HIV-
DEI10H,Nucleocapsid,NLF,IgA,2.11,HIV-
DEI10H,Nucleocapsid,Serum,IgA,2.19,HIV-
DEI10H,Nucleocapsid,BAL,IgA,1.73,HIV-
DEI10H,Nucleocapsid,NLF,IgG,1.36,HIV-
DEI10H,Nucleocapsid,Serum,IgG,2.76,HIV-
DEI10H,Nucleocapsid,BAL,IgG,1.7,HIV-
DEI10I,Nucleocapsid,NLF,IgA,2.02,HIV-
DEI10I,Nucleocapsid,Serum,IgA,1.63,HIV-
DEI10I,Nucleocapsid,BAL,IgA,1.7599999999999998,HIV-
DEI10I,Nucleocapsid,NLF,IgG,0.73,HIV-
DEI10I,Nucleocapsid,Serum,IgG,2.41,HIV-
DEI10I,Nucleocapsid,BAL,IgG,2.08,HIV-
DEI10L,Nucleocapsid,NLF,IgA,2.43,HIV-
DEI10L,Nucleocapsid,Serum,IgA,2.22,HIV-
DEI10L,Nucleocapsid,BAL,IgA,0.76,HIV-
DEI10L,Nucleocapsid,NLF,IgG,0.96,HIV-
DEI10L,Nucleocapsid,Serum,IgG,3.27,HIV-
DEI10L,Nucleocapsid,BAL,IgG,2.41,HIV-
DEI10M,Nucleocapsid,NLF,IgA,3.12,HIV-
DEI10M,Nucleocapsid,Serum,IgA,1.8900000000000001,HIV-
DEI10M,Nucleocapsid,BAL,IgA,1.81,HIV-
DEI10M,Nucleocapsid,NLF,IgG,2.16,HIV-
DEI10M,Nucleocapsid,Serum,IgG,3.04,HIV-
DEI10M,Nucleocapsid,BAL,IgG,1.87,HIV-
DEI10Q,Nucleocapsid,NLF,IgA,1.7799999999999998,HIV-
DEI10Q,Nucleocapsid,Serum,IgA,2.06,HIV-
DEI10Q,Nucleocapsid,BAL,IgA,1.7799999999999998,HIV-
DEI10Q,Nucleocapsid,NLF,IgG,1.85,HIV-
DEI10Q,Nucleocapsid,Serum,IgG,3,HIV-
DEI10Q,Nucleocapsid,BAL,IgG,0.92,HIV-
DEI10S,Nucleocapsid,NLF,IgA,2.59,HIV-
DEI10S,Nucleocapsid,Serum,IgA,1.65,HIV-
DEI10S,Nucleocapsid,BAL,IgA,2.06,HIV-
DEI10S,Nucleocapsid,NLF,IgG,0.22,HIV-
DEI10S,Nucleocapsid,Serum,IgG,1.52,HIV-
DEI10S,Nucleocapsid,BAL,IgG,0.07,HIV-
DEI10V,Nucleocapsid,NLF,IgA,1.67,HIV-
DEI10V,Nucleocapsid,Serum,IgA,2,HIV-
DEI10V,Nucleocapsid,BAL,IgA,1.7599999999999998,HIV-
DEI10V,Nucleocapsid,NLF,IgG,0.47,HIV-
DEI10V,Nucleocapsid,Serum,IgG,2.04,HIV-
DEI10V,Nucleocapsid,BAL,IgG,1.12,HIV-
DEI10W,Nucleocapsid,NLF,IgA,2.01,HIV-
DEI10W,Nucleocapsid,Serum,IgA,2.1,HIV-
DEI10W,Nucleocapsid,BAL,IgA,1.71,HIV-
DEI10W,Nucleocapsid,NLF,IgG,1.43,HIV-
DEI10W,Nucleocapsid,Serum,IgG,2.54,HIV-
DEI10W,Nucleocapsid,BAL,IgG,1.35,HIV-
DEI10X,Nucleocapsid,NLF,IgA,1.4900000000000002,HIV-
DEI10X,Nucleocapsid,Serum,IgA,2.3,HIV-
DEI10X,Nucleocapsid,BAL,IgA,2.21,HIV-
DEI10X,Nucleocapsid,NLF,IgG,0.93,HIV-
DEI10X,Nucleocapsid,Serum,IgG,2.82,HIV-
DEI10X,Nucleocapsid,BAL,IgG,1.66,HIV-
DEI10Y,Nucleocapsid,NLF,IgA,1.87,HIV-
DEI10Y,Nucleocapsid,Serum,IgA,2.37,HIV-
DEI10Y,Nucleocapsid,BAL,IgA,1.8599999999999999,HIV-
DEI10Y,Nucleocapsid,NLF,IgG,1.58,HIV-
DEI10Y,Nucleocapsid,Serum,IgG,2.82,HIV-
DEI10Y,Nucleocapsid,BAL,IgG,1.6,HIV-
DEI113,Nucleocapsid,NLF,IgA,2.78,HIV-
DEI113,Nucleocapsid,Serum,IgA,2.85,HIV-
DEI113,Nucleocapsid,BAL,IgA,1.9700000000000002,HIV-
DEI113,Nucleocapsid,NLF,IgG,1.8,HIV-
DEI113,Nucleocapsid,Serum,IgG,4.01,HIV-
DEI113,Nucleocapsid,BAL,IgG,2.75,HIV-
DEI11B,Nucleocapsid,NLF,IgA,1.8399999999999999,HIV-
DEI11B,Nucleocapsid,Serum,IgA,1.8599999999999999,HIV-
DEI11B,Nucleocapsid,BAL,IgA,1.35,HIV-
DEI11B,Nucleocapsid,NLF,IgG,0.84,HIV-
DEI11B,Nucleocapsid,Serum,IgG,1.43,HIV-
DEI11B,Nucleocapsid,BAL,IgG,0.07,HIV-
DEI11H,Nucleocapsid,NLF,IgA,1.6099999999999999,HIV-
DEI11H,Nucleocapsid,Serum,IgA,1.8599999999999999,HIV-
DEI11H,Nucleocapsid,BAL,IgA,0.6100000000000001,HIV-
DEI11H,Nucleocapsid,NLF,IgG,2.18,HIV-
DEI11H,Nucleocapsid,Serum,IgG,2.93,HIV-
DEI11H,Nucleocapsid,BAL,IgG,1,HIV-
DEI11K,Nucleocapsid,NLF,IgA,2.14,HIV-
DEI11K,Nucleocapsid,Serum,IgA,1.21,HIV-
DEI11K,Nucleocapsid,BAL,IgA,1.56,HIV-
DEI11K,Nucleocapsid,NLF,IgG,2.08,HIV-
DEI11K,Nucleocapsid,Serum,IgG,2.55,HIV-
DEI11K,Nucleocapsid,BAL,IgG,1.12,HIV-
DEI11N,Nucleocapsid,NLF,IgA,2.89,HIV-
DEI11N,Nucleocapsid,Serum,IgA,1.96,HIV-
DEI11N,Nucleocapsid,BAL,IgA,2.09,HIV-
DEI11N,Nucleocapsid,NLF,IgG,1.59,HIV-
DEI11N,Nucleocapsid,Serum,IgG,2.93,HIV-
DEI11N,Nucleocapsid,BAL,IgG,2.13,HIV-
DEI11Q,Nucleocapsid,NLF,IgA,2.54,HIV-
DEI11Q,Nucleocapsid,Serum,IgA,1.9300000000000002,HIV-
DEI11Q,Nucleocapsid,BAL,IgA,2.28,HIV-
DEI11Q,Nucleocapsid,NLF,IgG,2.15,HIV-
DEI11Q,Nucleocapsid,Serum,IgG,2.03,HIV-
DEI11Q,Nucleocapsid,BAL,IgG,0.78,HIV-
DEI11S,Nucleocapsid,NLF,IgA,2.75,HIV-
DEI11S,Nucleocapsid,Serum,IgA,2.12,HIV-
DEI11S,Nucleocapsid,BAL,IgA,1.88,HIV-
DEI11S,Nucleocapsid,NLF,IgG,1.26,HIV-
DEI11S,Nucleocapsid,Serum,IgG,2.38,HIV-
DEI11S,Nucleocapsid,BAL,IgG,1.3,HIV-
DEI11U,Nucleocapsid,NLF,IgA,2.7,HIV-
DEI11U,Nucleocapsid,Serum,IgA,2.52,HIV-
DEI11U,Nucleocapsid,BAL,IgA,2.7,HIV-
DEI11U,Nucleocapsid,NLF,IgG,1.91,HIV-
DEI11U,Nucleocapsid,Serum,IgG,3.58,HIV-
DEI11U,Nucleocapsid,BAL,IgG,2.43,HIV-
DEI11V,Nucleocapsid,NLF,IgA,2.87,HIV-
DEI11V,Nucleocapsid,Serum,IgA,2.47,HIV-
DEI11V,Nucleocapsid,BAL,IgA,2.2,HIV-
DEI11V,Nucleocapsid,NLF,IgG,0.87,HIV-
DEI11V,Nucleocapsid,Serum,IgG,2.45,HIV-
DEI11V,Nucleocapsid,BAL,IgG,1.26,HIV-
DEI11Y,Nucleocapsid,NLF,IgA,2.81,HIV-
DEI11Y,Nucleocapsid,Serum,IgA,1.94,HIV-
DEI11Y,Nucleocapsid,BAL,IgA,2.11,HIV-
DEI11Y,Nucleocapsid,NLF,IgG,1.07,HIV-
DEI11Y,Nucleocapsid,Serum,IgG,2.76,HIV-
DEI11Y,Nucleocapsid,BAL,IgG,1.43,HIV-
DEI11Z,Nucleocapsid,NLF,IgA,2.42,HIV-
DEI11Z,Nucleocapsid,Serum,IgA,1.69,HIV-
DEI11Z,Nucleocapsid,BAL,IgA,2.3,HIV-
DEI11Z,Nucleocapsid,NLF,IgG,1.44,HIV-
DEI11Z,Nucleocapsid,Serum,IgG,2.7,HIV-
DEI11Z,Nucleocapsid,BAL,IgG,1.56,HIV-
DEI13M,Nucleocapsid,NLF,IgA,1.9900000000000002,HIV-
DEI13M,Nucleocapsid,Serum,IgA,1.8199999999999998,HIV-
DEI13M,Nucleocapsid,BAL,IgA,1.62,HIV-
DEI13M,Nucleocapsid,NLF,IgG,1.82,HIV-
DEI13M,Nucleocapsid,Serum,IgG,2.94,HIV-
DEI13M,Nucleocapsid,BAL,IgG,1.68,HIV-
DEI13V,Nucleocapsid,NLF,IgA,2.55,HIV-
DEI13V,Nucleocapsid,Serum,IgA,1.7999999999999998,HIV-
DEI13V,Nucleocapsid,BAL,IgA,2.2,HIV-
DEI13V,Nucleocapsid,NLF,IgG,1,HIV-
DEI13V,Nucleocapsid,Serum,IgG,1.72,HIV-
DEI13V,Nucleocapsid,BAL,IgG,0.88,HIV-
DEI13W,Nucleocapsid,NLF,IgA,2.78,HIV-
DEI13W,Nucleocapsid,Serum,IgA,1.69,HIV-
DEI13W,Nucleocapsid,BAL,IgA,2.26,HIV-
DEI13W,Nucleocapsid,NLF,IgG,0.52,HIV-
DEI13W,Nucleocapsid,Serum,IgG,1.94,HIV-
DEI13W,Nucleocapsid,BAL,IgG,0.38,HIV-
DEI141,Nucleocapsid,NLF,IgA,2.46,HIV-
DEI141,Nucleocapsid,Serum,IgA,1.7599999999999998,HIV-
DEI141,Nucleocapsid,BAL,IgA,2.05,HIV-
DEI141,Nucleocapsid,NLF,IgG,1.27,HIV-
DEI141,Nucleocapsid,Serum,IgG,2.16,HIV-
DEI141,Nucleocapsid,BAL,IgG,0.68,HIV-
DEI143,Nucleocapsid,NLF,IgA,2.48,HIV-
DEI143,Nucleocapsid,Serum,IgA,1.83,HIV-
DEI143,Nucleocapsid,BAL,IgA,2.65,HIV-
DEI143,Nucleocapsid,NLF,IgG,1.94,HIV-
DEI143,Nucleocapsid,Serum,IgG,2.11,HIV-
DEI143,Nucleocapsid,BAL,IgG,0.91,HIV-
DEI14B,Nucleocapsid,NLF,IgA,1.92,HIV-
DEI14B,Nucleocapsid,Serum,IgA,1.75,HIV-
DEI14B,Nucleocapsid,BAL,IgA,2.16,HIV-
DEI14B,Nucleocapsid,NLF,IgG,1.26,HIV-
DEI14B,Nucleocapsid,Serum,IgG,2.56,HIV-
DEI14B,Nucleocapsid,BAL,IgG,1.2,HIV-
DEI101,RBD,NLF,IgA,0.19999999999999996,HIV-
DEI101,RBD,Serum,IgA,2.78,HIV-
DEI101,RBD,BAL,IgA,2.5,HIV-
DEI101,RBD,NLF,IgG,0.81,HIV-
DEI101,RBD,Serum,IgG,3.89,HIV-
DEI101,RBD,BAL,IgG,2.9,HIV-
DEI102,RBD,NLF,IgA,2,HIV-
DEI102,RBD,Serum,IgA,1.12,HIV-
DEI102,RBD,BAL,IgA,1.44,HIV-
DEI102,RBD,NLF,IgG,1.42,HIV-
DEI102,RBD,Serum,IgG,2.16,HIV-
DEI102,RBD,BAL,IgG,2.42,HIV-
DEI103,RBD,NLF,IgA,0.43999999999999995,HIV-
DEI103,RBD,Serum,IgA,1.5499999999999998,HIV-
DEI103,RBD,BAL,IgA,1.1600000000000001,HIV-
DEI103,RBD,NLF,IgG,1,HIV-
DEI103,RBD,Serum,IgG,2.9,HIV-
DEI103,RBD,BAL,IgG,1.85,HIV-
DEI104,RBD,NLF,IgA,2.76,HIV-
DEI104,RBD,Serum,IgA,3.12,HIV-
DEI104,RBD,BAL,IgA,2.56,HIV-
DEI104,RBD,NLF,IgG,2.58,HIV-
DEI104,RBD,Serum,IgG,4.21,HIV-
DEI104,RBD,BAL,IgG,2.7,HIV-
DEI105,RBD,NLF,IgA,2.46,HIV-
DEI105,RBD,Serum,IgA,2.63,HIV-
DEI105,RBD,BAL,IgA,2.5,HIV-
DEI105,RBD,NLF,IgG,2.11,HIV-
DEI105,RBD,Serum,IgG,3.89,HIV-
DEI105,RBD,BAL,IgG,2.95,HIV-
DEI106,RBD,NLF,IgA,3.21,HIV-
DEI106,RBD,Serum,IgA,2.78,HIV-
DEI106,RBD,BAL,IgA,2.68,HIV-
DEI106,RBD,NLF,IgG,2,HIV-
DEI106,RBD,Serum,IgG,3.52,HIV-
DEI106,RBD,BAL,IgG,2.34,HIV-
DEI107,RBD,NLF,IgA,2.09,HIV-
DEI107,RBD,Serum,IgA,2.43,HIV-
DEI107,RBD,BAL,IgA,1.96,HIV-
DEI107,RBD,NLF,IgG,2.83,HIV-
DEI107,RBD,Serum,IgG,4.17,HIV-
DEI107,RBD,BAL,IgG,2.7,HIV-
DEI108,RBD,NLF,IgA,2.25,HIV-
DEI108,RBD,Serum,IgA,2.9,HIV-
DEI108,RBD,BAL,IgA,2.19,HIV-
DEI108,RBD,NLF,IgG,1.66,HIV-
DEI108,RBD,Serum,IgG,3.7,HIV-
DEI108,RBD,BAL,IgG,2.65,HIV-
DEI109,RBD,NLF,IgA,2.25,HIV-
DEI109,RBD,Serum,IgA,2.14,HIV-
DEI109,RBD,BAL,IgA,2.28,HIV-
DEI109,RBD,NLF,IgG,1.81,HIV-
DEI109,RBD,Serum,IgG,3.49,HIV-
DEI109,RBD,BAL,IgG,2.42,HIV-
DEI10A,RBD,NLF,IgA,0.97,HIV-
DEI10A,RBD,Serum,IgA,2.51,HIV-
DEI10A,RBD,BAL,IgA,1.5499999999999998,HIV-
DEI10A,RBD,NLF,IgG,1.95,HIV-
DEI10A,RBD,Serum,IgG,3.53,HIV-
DEI10A,RBD,BAL,IgG,2.12,HIV-
DEI10B,RBD,NLF,IgA,1.73,HIV-
DEI10B,RBD,Serum,IgA,3.29,HIV-
DEI10B,RBD,BAL,IgA,2.51,HIV-
DEI10B,RBD,NLF,IgG,2.42,HIV-
DEI10B,RBD,Serum,IgG,3.66,HIV-
DEI10B,RBD,BAL,IgG,2.29,HIV-
DEI10C,RBD,NLF,IgA,2.25,HIV-
DEI10C,RBD,Serum,IgA,2.85,HIV-
DEI10C,RBD,BAL,IgA,2.81,HIV-
DEI10C,RBD,NLF,IgG,1.46,HIV-
DEI10C,RBD,Serum,IgG,3.73,HIV-
DEI10C,RBD,BAL,IgG,2.7,HIV-
DEI10D,RBD,NLF,IgA,1.4300000000000002,HIV-
DEI10D,RBD,Serum,IgA,3.1500000000000004,HIV-
DEI10D,RBD,BAL,IgA,2.74,HIV-
DEI10D,RBD,NLF,IgG,0.74,HIV-
DEI10D,RBD,Serum,IgG,3.89,HIV-
DEI10D,RBD,BAL,IgG,2.21,HIV-
DEI10E,RBD,NLF,IgA,0.1399999999999999,HIV-
DEI10E,RBD,Serum,IgA,2.93,HIV-
DEI10E,RBD,BAL,IgA,2.54,HIV-
DEI10E,RBD,NLF,IgG,2.67,HIV-
DEI10E,RBD,Serum,IgG,3.13,HIV-
DEI10E,RBD,BAL,IgG,2.37,HIV-
DEI10F,RBD,NLF,IgA,2.23,HIV-
DEI10F,RBD,Serum,IgA,1.85,HIV-
DEI10F,RBD,BAL,IgA,1.85,HIV-
DEI10F,RBD,NLF,IgG,3.11,HIV-
DEI10F,RBD,Serum,IgG,2.55,HIV-
DEI10F,RBD,BAL,IgG,1.71,HIV-
DEI10G,RBD,NLF,IgA,1.9,HIV-
DEI10G,RBD,Serum,IgA,2.45,HIV-
DEI10G,RBD,BAL,IgA,2.21,HIV-
DEI10G,RBD,NLF,IgG,3.72,HIV-
DEI10G,RBD,Serum,IgG,3.36,HIV-
DEI10G,RBD,BAL,IgG,2.5,HIV-
DEI10H,RBD,NLF,IgA,3.16,HIV-
DEI10H,RBD,Serum,IgA,2.48,HIV-
DEI10H,RBD,BAL,IgA,2.44,HIV-
DEI10H,RBD,NLF,IgG,3.3,HIV-
DEI10H,RBD,Serum,IgG,3.17,HIV-
DEI10H,RBD,BAL,IgG,2.23,HIV-
DEI10I,RBD,NLF,IgA,3.08,HIV-
DEI10I,RBD,Serum,IgA,2.91,HIV-
DEI10I,RBD,BAL,IgA,3.1399999999999997,HIV-
DEI10I,RBD,NLF,IgG,2.58,HIV-
DEI10I,RBD,Serum,IgG,3.5,HIV-
DEI10I,RBD,BAL,IgG,3.2,HIV-
DEI10L,RBD,NLF,IgA,2.51,HIV-
DEI10L,RBD,Serum,IgA,3.1900000000000004,HIV-
DEI10L,RBD,BAL,IgA,-0.040000000000000036,HIV-
DEI10L,RBD,NLF,IgG,2.84,HIV-
DEI10L,RBD,Serum,IgG,4.19,HIV-
DEI10L,RBD,BAL,IgG,3.29,HIV-
DEI10M,RBD,NLF,IgA,2.51,HIV-
DEI10M,RBD,Serum,IgA,2.92,HIV-
DEI10M,RBD,BAL,IgA,2.62,HIV-
DEI10M,RBD,NLF,IgG,1.66,HIV-
DEI10M,RBD,Serum,IgG,3.72,HIV-
DEI10M,RBD,BAL,IgG,2.65,HIV-
DEI10Q,RBD,NLF,IgA,3.2,HIV-
DEI10Q,RBD,Serum,IgA,2.48,HIV-
DEI10Q,RBD,BAL,IgA,2.42,HIV-
DEI10Q,RBD,NLF,IgG,2.25,HIV-
DEI10Q,RBD,Serum,IgG,3.29,HIV-
DEI10Q,RBD,BAL,IgG,1.35,HIV-
DEI10S,RBD,NLF,IgA,3.1399999999999997,HIV-
DEI10S,RBD,Serum,IgA,2.64,HIV-
DEI10S,RBD,BAL,IgA,2.17,HIV-
DEI10S,RBD,NLF,IgG,1.96,HIV-
DEI10S,RBD,Serum,IgG,3.32,HIV-
DEI10S,RBD,BAL,IgG,1.6,HIV-
DEI10V,RBD,NLF,IgA,2.07,HIV-
DEI10V,RBD,Serum,IgA,3.17,HIV-
DEI10V,RBD,BAL,IgA,2.28,HIV-
DEI10V,RBD,NLF,IgG,1.8,HIV-
DEI10V,RBD,Serum,IgG,3.56,HIV-
DEI10V,RBD,BAL,IgG,2.59,HIV-
DEI10W,RBD,NLF,IgA,2.5,HIV-
DEI10W,RBD,Serum,IgA,3.2,HIV-
DEI10W,RBD,BAL,IgA,2.21,HIV-
DEI10W,RBD,NLF,IgG,2.43,HIV-
DEI10W,RBD,Serum,IgG,3.5,HIV-
DEI10W,RBD,BAL,IgG,2.31,HIV-
DEI10X,RBD,NLF,IgA,1.6099999999999999,HIV-
DEI10X,RBD,Serum,IgA,1.9,HIV-
DEI10X,RBD,BAL,IgA,1.7400000000000002,HIV-
DEI10X,RBD,NLF,IgG,1.8,HIV-
DEI10X,RBD,Serum,IgG,3.51,HIV-
DEI10X,RBD,BAL,IgG,2.44,HIV-
DEI10Y,RBD,NLF,IgA,2.5,HIV-
DEI10Y,RBD,Serum,IgA,2.51,HIV-
DEI10Y,RBD,BAL,IgA,2.38,HIV-
DEI10Y,RBD,NLF,IgG,2.51,HIV-
DEI10Y,RBD,Serum,IgG,3.64,HIV-
DEI10Y,RBD,BAL,IgG,2.39,HIV-
DEI113,RBD,NLF,IgA,2.73,HIV-
DEI113,RBD,Serum,IgA,2.5,HIV-
DEI113,RBD,BAL,IgA,2.83,HIV-
DEI113,RBD,NLF,IgG,2.15,HIV-
DEI113,RBD,Serum,IgG,4.11,HIV-
DEI113,RBD,BAL,IgG,2.85,HIV-
DEI11B,RBD,NLF,IgA,1.67,HIV-
DEI11B,RBD,Serum,IgA,2.1,HIV-
DEI11B,RBD,BAL,IgA,1.5899999999999999,HIV-
DEI11B,RBD,NLF,IgG,1.49,HIV-
DEI11B,RBD,Serum,IgG,2.22,HIV-
DEI11B,RBD,BAL,IgG,0.91,HIV-
DEI11H,RBD,NLF,IgA,3.2699999999999996,HIV-
DEI11H,RBD,Serum,IgA,3.25,HIV-
DEI11H,RBD,BAL,IgA,1,HIV-
DEI11H,RBD,NLF,IgG,2.61,HIV-
DEI11H,RBD,Serum,IgG,3.78,HIV-
DEI11H,RBD,BAL,IgG,1,HIV-
DEI11K,RBD,NLF,IgA,3.2199999999999998,HIV-
DEI11K,RBD,Serum,IgA,2.2,HIV-
DEI11K,RBD,BAL,IgA,2.48,HIV-
DEI11K,RBD,NLF,IgG,3.13,HIV-
DEI11K,RBD,Serum,IgG,3.55,HIV-
DEI11K,RBD,BAL,IgG,2.12,HIV-
DEI11N,RBD,NLF,IgA,2.93,HIV-
DEI11N,RBD,Serum,IgA,2.31,HIV-
DEI11N,RBD,BAL,IgA,2.54,HIV-
DEI11N,RBD,NLF,IgG,1.51,HIV-
DEI11N,RBD,Serum,IgG,2.72,HIV-
DEI11N,RBD,BAL,IgG,2.15,HIV-
DEI11Q,RBD,NLF,IgA,3.24,HIV-
DEI11Q,RBD,Serum,IgA,2.48,HIV-
DEI11Q,RBD,BAL,IgA,2.25,HIV-
DEI11Q,RBD,NLF,IgG,3.31,HIV-
DEI11Q,RBD,Serum,IgG,3.59,HIV-
DEI11Q,RBD,BAL,IgG,2.27,HIV-
DEI11S,RBD,NLF,IgA,2.11,HIV-
DEI11S,RBD,Serum,IgA,2.82,HIV-
DEI11S,RBD,BAL,IgA,2.16,HIV-
DEI11S,RBD,NLF,IgG,2.33,HIV-
DEI11S,RBD,Serum,IgG,3.8,HIV-
DEI11S,RBD,BAL,IgG,2.82,HIV-
DEI11U,RBD,NLF,IgA,2.23,HIV-
DEI11U,RBD,Serum,IgA,2.68,HIV-
DEI11U,RBD,BAL,IgA,2.77,HIV-
DEI11U,RBD,NLF,IgG,1.59,HIV-
DEI11U,RBD,Serum,IgG,3.08,HIV-
DEI11U,RBD,BAL,IgG,1.77,HIV-
DEI11V,RBD,NLF,IgA,2.59,HIV-
DEI11V,RBD,Serum,IgA,2.81,HIV-
DEI11V,RBD,BAL,IgA,2.35,HIV-
DEI11V,RBD,NLF,IgG,1.3,HIV-
DEI11V,RBD,Serum,IgG,2.73,HIV-
DEI11V,RBD,BAL,IgG,1.59,HIV-
DEI11Y,RBD,NLF,IgA,2.65,HIV-
DEI11Y,RBD,Serum,IgA,2.51,HIV-
DEI11Y,RBD,BAL,IgA,1.7200000000000002,HIV-
DEI11Y,RBD,NLF,IgG,1.97,HIV-
DEI11Y,RBD,Serum,IgG,3.62,HIV-
DEI11Y,RBD,BAL,IgG,2.48,HIV-
DEI11Z,RBD,NLF,IgA,2.5,HIV-
DEI11Z,RBD,Serum,IgA,2.86,HIV-
DEI11Z,RBD,BAL,IgA,2.29,HIV-
DEI11Z,RBD,NLF,IgG,2.48,HIV-
DEI11Z,RBD,Serum,IgG,3.7,HIV-
DEI11Z,RBD,BAL,IgG,2.57,HIV-
DEI13M,RBD,NLF,IgA,2.14,HIV-
DEI13M,RBD,Serum,IgA,2.06,HIV-
DEI13M,RBD,BAL,IgA,2.43,HIV-
DEI13M,RBD,NLF,IgG,2.97,HIV-
DEI13M,RBD,Serum,IgG,4.08,HIV-
DEI13M,RBD,BAL,IgG,2.74,HIV-
DEI13V,RBD,NLF,IgA,1.7799999999999998,HIV-
DEI13V,RBD,Serum,IgA,2.8,HIV-
DEI13V,RBD,BAL,IgA,2.49,HIV-
DEI13V,RBD,NLF,IgG,1.73,HIV-
DEI13V,RBD,Serum,IgG,3.79,HIV-
DEI13V,RBD,BAL,IgG,2.92,HIV-
DEI13W,RBD,NLF,IgA,2.79,HIV-
DEI13W,RBD,Serum,IgA,3.3899999999999997,HIV-
DEI13W,RBD,BAL,IgA,2.31,HIV-
DEI13W,RBD,NLF,IgG,1.53,HIV-
DEI13W,RBD,Serum,IgG,3.21,HIV-
DEI13W,RBD,BAL,IgG,1.61,HIV-
DEI141,RBD,NLF,IgA,3.16,HIV-
DEI141,RBD,Serum,IgA,2.47,HIV-
DEI141,RBD,BAL,IgA,2.72,HIV-
DEI141,RBD,NLF,IgG,2.52,HIV-
DEI141,RBD,Serum,IgG,3.35,HIV-
DEI141,RBD,BAL,IgG,2.12,HIV-
DEI143,RBD,NLF,IgA,2.74,HIV-
DEI143,RBD,Serum,IgA,2.93,HIV-
DEI143,RBD,BAL,IgA,2.28,HIV-
DEI143,RBD,NLF,IgG,2.99,HIV-
DEI143,RBD,Serum,IgG,3.97,HIV-
DEI143,RBD,BAL,IgG,2.6,HIV-
DEI14B,RBD,NLF,IgA,3.46,HIV-
DEI14B,RBD,Serum,IgA,3.29,HIV-
DEI14B,RBD,BAL,IgA,2.86,HIV-
DEI14B,RBD,NLF,IgG,2.3,HIV-
DEI14B,RBD,Serum,IgG,3.64,HIV-
DEI14B,RBD,BAL,IgG,2.35,HIV-
DEI101,Wildtype,NLF,IgA,1.71,HIV-
DEI101,Wildtype,Serum,IgA,2.61,HIV-
DEI101,Wildtype,BAL,IgA,2.42,HIV-
DEI101,Wildtype,NLF,IgG,1.13,HIV-
DEI101,Wildtype,Serum,IgG,3.9,HIV-
DEI101,Wildtype,BAL,IgG,2.92,HIV-
DEI102,Wildtype,NLF,IgA,1.85,HIV-
DEI102,Wildtype,Serum,IgA,1.2400000000000002,HIV-
DEI102,Wildtype,BAL,IgA,1.7000000000000002,HIV-
DEI102,Wildtype,NLF,IgG,1.42,HIV-
DEI102,Wildtype,Serum,IgG,1.61,HIV-
DEI102,Wildtype,BAL,IgG,2.02,HIV-
DEI103,Wildtype,NLF,IgA,0.5700000000000001,HIV-
DEI103,Wildtype,Serum,IgA,1.92,HIV-
DEI103,Wildtype,BAL,IgA,1.46,HIV-
DEI103,Wildtype,NLF,IgG,1.26,HIV-
DEI103,Wildtype,Serum,IgG,3.17,HIV-
DEI103,Wildtype,BAL,IgG,1.79,HIV-
DEI104,Wildtype,NLF,IgA,2.81,HIV-
DEI104,Wildtype,Serum,IgA,3.01,HIV-
DEI104,Wildtype,BAL,IgA,2.37,HIV-
DEI104,Wildtype,NLF,IgG,2.32,HIV-
DEI104,Wildtype,Serum,IgG,3.95,HIV-
DEI104,Wildtype,BAL,IgG,2.4,HIV-
DEI105,Wildtype,NLF,IgA,2.51,HIV-
DEI105,Wildtype,Serum,IgA,2.5,HIV-
DEI105,Wildtype,BAL,IgA,2.38,HIV-
DEI105,Wildtype,NLF,IgG,1.89,HIV-
DEI105,Wildtype,Serum,IgG,3.59,HIV-
DEI105,Wildtype,BAL,IgG,2.71,HIV-
DEI106,Wildtype,NLF,IgA,3.34,HIV-
DEI106,Wildtype,Serum,IgA,2.76,HIV-
DEI106,Wildtype,BAL,IgA,2.68,HIV-
DEI106,Wildtype,NLF,IgG,2.07,HIV-
DEI106,Wildtype,Serum,IgG,3.37,HIV-
DEI106,Wildtype,BAL,IgG,2.28,HIV-
DEI107,Wildtype,NLF,IgA,2.12,HIV-
DEI107,Wildtype,Serum,IgA,2.35,HIV-
DEI107,Wildtype,BAL,IgA,1.8399999999999999,HIV-
DEI107,Wildtype,NLF,IgG,2.4,HIV-
DEI107,Wildtype,Serum,IgG,3.94,HIV-
DEI107,Wildtype,BAL,IgG,2.51,HIV-
DEI108,Wildtype,NLF,IgA,2.31,HIV-
DEI108,Wildtype,Serum,IgA,2.79,HIV-
DEI108,Wildtype,BAL,IgA,2.1,HIV-
DEI108,Wildtype,NLF,IgG,1.79,HIV-
DEI108,Wildtype,Serum,IgG,3.53,HIV-
DEI108,Wildtype,BAL,IgG,2.53,HIV-
DEI109,Wildtype,NLF,IgA,2.46,HIV-
DEI109,Wildtype,Serum,IgA,2.11,HIV-
DEI109,Wildtype,BAL,IgA,2.19,HIV-
DEI109,Wildtype,NLF,IgG,1.7,HIV-
DEI109,Wildtype,Serum,IgG,3.2,HIV-
DEI109,Wildtype,BAL,IgG,2.48,HIV-
DEI10A,Wildtype,NLF,IgA,1.2000000000000002,HIV-
DEI10A,Wildtype,Serum,IgA,2.49,HIV-
DEI10A,Wildtype,BAL,IgA,1.7200000000000002,HIV-
DEI10A,Wildtype,NLF,IgG,1.74,HIV-
DEI10A,Wildtype,Serum,IgG,3.31,HIV-
DEI10A,Wildtype,BAL,IgG,1.96,HIV-
DEI10B,Wildtype,NLF,IgA,1.69,HIV-
DEI10B,Wildtype,Serum,IgA,3.0999999999999996,HIV-
DEI10B,Wildtype,BAL,IgA,2.43,HIV-
DEI10B,Wildtype,NLF,IgG,2.3,HIV-
DEI10B,Wildtype,Serum,IgG,3.52,HIV-
DEI10B,Wildtype,BAL,IgG,2.16,HIV-
DEI10C,Wildtype,NLF,IgA,2.31,HIV-
DEI10C,Wildtype,Serum,IgA,2.74,HIV-
DEI10C,Wildtype,BAL,IgA,2.73,HIV-
DEI10C,Wildtype,NLF,IgG,1.29,HIV-
DEI10C,Wildtype,Serum,IgG,3.56,HIV-
DEI10C,Wildtype,BAL,IgG,2.6,HIV-
DEI10D,Wildtype,NLF,IgA,1.35,HIV-
DEI10D,Wildtype,Serum,IgA,2.98,HIV-
DEI10D,Wildtype,BAL,IgA,2.55,HIV-
DEI10D,Wildtype,NLF,IgG,0.41,HIV-
DEI10D,Wildtype,Serum,IgG,3.61,HIV-
DEI10D,Wildtype,BAL,IgG,1.95,HIV-
DEI10E,Wildtype,NLF,IgA,0.3600000000000001,HIV-
DEI10E,Wildtype,Serum,IgA,2.82,HIV-
DEI10E,Wildtype,BAL,IgA,2.39,HIV-
DEI10E,Wildtype,NLF,IgG,2.37,HIV-
DEI10E,Wildtype,Serum,IgG,2.93,HIV-
DEI10E,Wildtype,BAL,IgG,2.1,HIV-
DEI10F,Wildtype,NLF,IgA,2.3,HIV-
DEI10F,Wildtype,Serum,IgA,1.81,HIV-
DEI10F,Wildtype,BAL,IgA,1.8599999999999999,HIV-
DEI10F,Wildtype,NLF,IgG,1.13,HIV-
DEI10F,Wildtype,Serum,IgG,2.42,HIV-
DEI10F,Wildtype,BAL,IgG,1.3,HIV-
DEI10G,Wildtype,NLF,IgA,1.83,HIV-
DEI10G,Wildtype,Serum,IgA,2.23,HIV-
DEI10G,Wildtype,BAL,IgA,2.19,HIV-
DEI10G,Wildtype,NLF,IgG,1.42,HIV-
DEI10G,Wildtype,Serum,IgG,2.96,HIV-
DEI10G,Wildtype,BAL,IgG,2.05,HIV-
DEI10H,Wildtype,NLF,IgA,3.12,HIV-
DEI10H,Wildtype,Serum,IgA,2.27,HIV-
DEI10H,Wildtype,BAL,IgA,2.21,HIV-
DEI10H,Wildtype,NLF,IgG,1.26,HIV-
DEI10H,Wildtype,Serum,IgG,3.06,HIV-
DEI10H,Wildtype,BAL,IgG,2.01,HIV-
DEI10I,Wildtype,NLF,IgA,3.0300000000000002,HIV-
DEI10I,Wildtype,Serum,IgA,2.8,HIV-
DEI10I,Wildtype,BAL,IgA,3.01,HIV-
DEI10I,Wildtype,NLF,IgG,2.32,HIV-
DEI10I,Wildtype,Serum,IgG,3.19,HIV-
DEI10I,Wildtype,BAL,IgG,2.86,HIV-
DEI10L,Wildtype,NLF,IgA,2.41,HIV-
DEI10L,Wildtype,Serum,IgA,3.21,HIV-
DEI10L,Wildtype,BAL,IgA,-0.14,HIV-
DEI10L,Wildtype,NLF,IgG,2.4,HIV-
DEI10L,Wildtype,Serum,IgG,3.83,HIV-
DEI10L,Wildtype,BAL,IgG,2.98,HIV-
DEI10M,Wildtype,NLF,IgA,2.49,HIV-
DEI10M,Wildtype,Serum,IgA,2.89,HIV-
DEI10M,Wildtype,BAL,IgA,2.46,HIV-
DEI10M,Wildtype,NLF,IgG,1.79,HIV-
DEI10M,Wildtype,Serum,IgG,3.36,HIV-
DEI10M,Wildtype,BAL,IgG,2.28,HIV-
DEI10Q,Wildtype,NLF,IgA,3.26,HIV-
DEI10Q,Wildtype,Serum,IgA,2.56,HIV-
DEI10Q,Wildtype,BAL,IgA,2.45,HIV-
DEI10Q,Wildtype,NLF,IgG,2.01,HIV-
DEI10Q,Wildtype,Serum,IgG,3.05,HIV-
DEI10Q,Wildtype,BAL,IgG,1.12,HIV-
DEI10S,Wildtype,NLF,IgA,3.17,HIV-
DEI10S,Wildtype,Serum,IgA,2.76,HIV-
DEI10S,Wildtype,BAL,IgA,2.07,HIV-
DEI10S,Wildtype,NLF,IgG,1.76,HIV-
DEI10S,Wildtype,Serum,IgG,3.1,HIV-
DEI10S,Wildtype,BAL,IgG,1.39,HIV-
DEI10V,Wildtype,NLF,IgA,2.2,HIV-
DEI10V,Wildtype,Serum,IgA,3.1100000000000003,HIV-
DEI10V,Wildtype,BAL,IgA,2.31,HIV-
DEI10V,Wildtype,NLF,IgG,1.6,HIV-
DEI10V,Wildtype,Serum,IgG,3.31,HIV-
DEI10V,Wildtype,BAL,IgG,2.36,HIV-
DEI10W,Wildtype,NLF,IgA,2.46,HIV-
DEI10W,Wildtype,Serum,IgA,3.1100000000000003,HIV-
DEI10W,Wildtype,BAL,IgA,2.15,HIV-
DEI10W,Wildtype,NLF,IgG,2.2,HIV-
DEI10W,Wildtype,Serum,IgG,3.25,HIV-
DEI10W,Wildtype,BAL,IgG,2.09,HIV-
DEI10X,Wildtype,NLF,IgA,1.7200000000000002,HIV-
DEI10X,Wildtype,Serum,IgA,2.05,HIV-
DEI10X,Wildtype,BAL,IgA,1.67,HIV-
DEI10X,Wildtype,NLF,IgG,1.74,HIV-
DEI10X,Wildtype,Serum,IgG,3.46,HIV-
DEI10X,Wildtype,BAL,IgG,2.38,HIV-
DEI10Y,Wildtype,NLF,IgA,2.73,HIV-
DEI10Y,Wildtype,Serum,IgA,2.62,HIV-
DEI10Y,Wildtype,BAL,IgA,2.34,HIV-
DEI10Y,Wildtype,NLF,IgG,2.29,HIV-
DEI10Y,Wildtype,Serum,IgG,3.41,HIV-
DEI10Y,Wildtype,BAL,IgG,2.18,HIV-
DEI113,Wildtype,NLF,IgA,3.0300000000000002,HIV-
DEI113,Wildtype,Serum,IgA,2.81,HIV-
DEI113,Wildtype,BAL,IgA,2.91,HIV-
DEI113,Wildtype,NLF,IgG,2.08,HIV-
DEI113,Wildtype,Serum,IgG,4.05,HIV-
DEI113,Wildtype,BAL,IgG,2.83,HIV-
DEI11B,Wildtype,NLF,IgA,1.73,HIV-
DEI11B,Wildtype,Serum,IgA,2.27,HIV-
DEI11B,Wildtype,BAL,IgA,1.77,HIV-
DEI11B,Wildtype,NLF,IgG,1.69,HIV-
DEI11B,Wildtype,Serum,IgG,2.39,HIV-
DEI11B,Wildtype,BAL,IgG,1.03,HIV-
DEI11H,Wildtype,NLF,IgA,3.2,HIV-
DEI11H,Wildtype,Serum,IgA,3.0700000000000003,HIV-
DEI11H,Wildtype,BAL,IgA,0.9099999999999999,HIV-
DEI11H,Wildtype,NLF,IgG,2.46,HIV-
DEI11H,Wildtype,Serum,IgG,3.62,HIV-
DEI11H,Wildtype,BAL,IgG,0.02,HIV-
DEI11K,Wildtype,NLF,IgA,3.1799999999999997,HIV-
DEI11K,Wildtype,Serum,IgA,2.08,HIV-
DEI11K,Wildtype,BAL,IgA,2.31,HIV-
DEI11K,Wildtype,NLF,IgG,2.73,HIV-
DEI11K,Wildtype,Serum,IgG,3.14,HIV-
DEI11K,Wildtype,BAL,IgG,1.71,HIV-
DEI11N,Wildtype,NLF,IgA,3.0199999999999996,HIV-
DEI11N,Wildtype,Serum,IgA,2.12,HIV-
DEI11N,Wildtype,BAL,IgA,2.63,HIV-
DEI11N,Wildtype,NLF,IgG,1.31,HIV-
DEI11N,Wildtype,Serum,IgG,2.6,HIV-
DEI11N,Wildtype,BAL,IgG,2.04,HIV-
DEI11Q,Wildtype,NLF,IgA,3.3499999999999996,HIV-
DEI11Q,Wildtype,Serum,IgA,2.71,HIV-
DEI11Q,Wildtype,BAL,IgA,2.28,HIV-
DEI11Q,Wildtype,NLF,IgG,2.79,HIV-
DEI11Q,Wildtype,Serum,IgG,3.32,HIV-
DEI11Q,Wildtype,BAL,IgG,2.05,HIV-
DEI11S,Wildtype,NLF,IgA,2.2,HIV-
DEI11S,Wildtype,Serum,IgA,2.81,HIV-
DEI11S,Wildtype,BAL,IgA,2.14,HIV-
DEI11S,Wildtype,NLF,IgG,1.98,HIV-
DEI11S,Wildtype,Serum,IgG,3.37,HIV-
DEI11S,Wildtype,BAL,IgG,2.39,HIV-
DEI11U,Wildtype,NLF,IgA,2.3,HIV-
DEI11U,Wildtype,Serum,IgA,2.49,HIV-
DEI11U,Wildtype,BAL,IgA,2.65,HIV-
DEI11U,Wildtype,NLF,IgG,1.42,HIV-
DEI11U,Wildtype,Serum,IgG,2.88,HIV-
DEI11U,Wildtype,BAL,IgG,1.64,HIV-
DEI11V,Wildtype,NLF,IgA,3.0199999999999996,HIV-
DEI11V,Wildtype,Serum,IgA,3.0300000000000002,HIV-
DEI11V,Wildtype,BAL,IgA,2.82,HIV-
DEI11V,Wildtype,NLF,IgG,1.43,HIV-
DEI11V,Wildtype,Serum,IgG,2.71,HIV-
DEI11V,Wildtype,BAL,IgG,1.66,HIV-
DEI11Y,Wildtype,NLF,IgA,2.84,HIV-
DEI11Y,Wildtype,Serum,IgA,2.58,HIV-
DEI11Y,Wildtype,BAL,IgA,2.02,HIV-
DEI11Y,Wildtype,NLF,IgG,1.79,HIV-
DEI11Y,Wildtype,Serum,IgG,3.44,HIV-
DEI11Y,Wildtype,BAL,IgG,2.31,HIV-
DEI11Z,Wildtype,NLF,IgA,2.51,HIV-
DEI11Z,Wildtype,Serum,IgA,2.88,HIV-
DEI11Z,Wildtype,BAL,IgA,2.22,HIV-
DEI11Z,Wildtype,NLF,IgG,2.25,HIV-
DEI11Z,Wildtype,Serum,IgG,3.39,HIV-
DEI11Z,Wildtype,BAL,IgG,2.3,HIV-
DEI13M,Wildtype,NLF,IgA,2.32,HIV-
DEI13M,Wildtype,Serum,IgA,2.1,HIV-
DEI13M,Wildtype,BAL,IgA,2.33,HIV-
DEI13M,Wildtype,NLF,IgG,2.43,HIV-
DEI13M,Wildtype,Serum,IgG,3.55,HIV-
DEI13M,Wildtype,BAL,IgG,2.26,HIV-
DEI13V,Wildtype,NLF,IgA,1.9,HIV-
DEI13V,Wildtype,Serum,IgA,2.75,HIV-
DEI13V,Wildtype,BAL,IgA,2.48,HIV-
DEI13V,Wildtype,NLF,IgG,1.41,HIV-
DEI13V,Wildtype,Serum,IgG,3.43,HIV-
DEI13V,Wildtype,BAL,IgG,2.6,HIV-
DEI13W,Wildtype,NLF,IgA,2.89,HIV-
DEI13W,Wildtype,Serum,IgA,3.3499999999999996,HIV-
DEI13W,Wildtype,BAL,IgA,2.34,HIV-
DEI13W,Wildtype,NLF,IgG,1.5,HIV-
DEI13W,Wildtype,Serum,IgG,3.17,HIV-
DEI13W,Wildtype,BAL,IgG,1.61,HIV-
DEI141,Wildtype,NLF,IgA,3.25,HIV-
DEI141,Wildtype,Serum,IgA,2.32,HIV-
DEI141,Wildtype,BAL,IgA,2.67,HIV-
DEI141,Wildtype,NLF,IgG,2.29,HIV-
DEI141,Wildtype,Serum,IgG,3.11,HIV-
DEI141,Wildtype,BAL,IgG,1.89,HIV-
DEI143,Wildtype,NLF,IgA,2.97,HIV-
DEI143,Wildtype,Serum,IgA,3.05,HIV-
DEI143,Wildtype,BAL,IgA,2.46,HIV-
DEI143,Wildtype,NLF,IgG,2.43,HIV-
DEI143,Wildtype,Serum,IgG,3.71,HIV-
DEI143,Wildtype,BAL,IgG,2.33,HIV-
DEI14B,Wildtype,NLF,IgA,3.4000000000000004,HIV-
DEI14B,Wildtype,Serum,IgA,3.0199999999999996,HIV-
DEI14B,Wildtype,BAL,IgA,2.71,HIV-
DEI14B,Wildtype,NLF,IgG,2.52,HIV-
DEI14B,Wildtype,Serum,IgG,3.69,HIV-
DEI14B,Wildtype,BAL,IgG,2.5,HIV-
