Sample_ID,Antigens,Compartment,Isotype,Log10_Value,Neutralization
DEI101,Alpha,NLF,IgA,3.760495866,3.781843328620571
DEI101,Alpha,Serum,IgA,3.737282329000001,89.42521799625473
DEI101,Alpha,NLF,IgG,2.175130778,3.781843328620571
DEI101,Alpha,Serum,IgG,4.713759436,89.42521799625473
DEI102,Alpha,NLF,IgA,3.850331185,14.28190275758717
DEI102,Alpha,Serum,IgA,2.3913445780000004,5.670936409343397
DEI102,Alpha,NLF,IgG,2.2775607090000003,14.28190275758717
DEI102,Alpha,Serum,IgG,2.6156533760000005,5.670936409343397
DEI103,Alpha,NLF,IgA,2.7302188320000003,6.107386064696952
DEI103,Alpha,Serum,IgA,3.1770908130000004,21.27016740682743
DEI103,Alpha,NLF,IgG,2.3090196230000006,6.107386064696952
DEI103,Alpha,Serum,IgG,4.356391198,21.27016740682743
DEI104,Alpha,NLF,IgA,4.974707597,44.85473981333487
DEI104,Alpha,Serum,IgA,4.218489435,99.42574163610024
DEI104,Alpha,NLF,IgG,3.4051600850000003,44.85473981333487
DEI104,Alpha,Serum,IgG,5.032461185000001,99.42574163610024
DEI105,Alpha,NLF,IgA,4.5653707080000006,22.82221928540615
DEI105,Alpha,Serum,IgA,3.680745042,70.62338908019751
DEI105,Alpha,NLF,IgG,2.921774518,22.82221928540615
DEI105,Alpha,Serum,IgG,4.705073078,70.62338908019751
DEI106,Alpha,NLF,IgA,5.295454690000001,69.22502134040164
DEI106,Alpha,Serum,IgA,3.8900394610000006,49.01850775942822
DEI106,Alpha,NLF,IgG,3.0518069340000005,69.22502134040164
DEI106,Alpha,Serum,IgG,4.314631373,49.01850775942822
DEI107,Alpha,NLF,IgA,4.210425159000001,27.51652582417171
DEI107,Alpha,Serum,IgA,3.5263460980000003,94.51375053299056
DEI107,Alpha,NLF,IgG,3.755603426,27.51652582417171
DEI107,Alpha,Serum,IgG,5.032461185000001,94.51375053299056
DEI108,Alpha,NLF,IgA,4.358094857,14.4182153522891
DEI108,Alpha,Serum,IgA,3.98160611,66.62244819082433
DEI108,Alpha,NLF,IgG,2.85598001,14.4182153522891
DEI108,Alpha,Serum,IgG,4.613339466,66.62244819082433
DEI109,Alpha,NLF,IgA,4.673403563,18.00897169601959
DEI109,Alpha,Serum,IgA,3.436028555,61.90137783773315
DEI109,Alpha,NLF,IgG,2.720563059,18.00897169601959
DEI109,Alpha,Serum,IgG,4.277950321,61.90137783773315
DEI10A,Alpha,NLF,IgA,3.1650311880000004,30.45317816972751
DEI10A,Alpha,Serum,IgA,3.691167604,73.88128124285294
DEI10A,Alpha,NLF,IgG,2.801403275,30.45317816972751
DEI10A,Alpha,Serum,IgG,4.376121468,73.88128124285294
DEI10B,Alpha,NLF,IgA,3.786412305,25.13754318518327
DEI10B,Alpha,Serum,IgA,4.235348980000001,83.52695053419153
DEI10B,Alpha,NLF,IgG,3.2587220720000003,25.13754318518327
DEI10B,Alpha,Serum,IgG,4.482140549,83.52695053419153
DEI10C,Alpha,NLF,IgA,4.345926921000001,1.804712055484847
DEI10C,Alpha,Serum,IgA,3.897121244,78.06363740320842
DEI10C,Alpha,NLF,IgG,2.297866262,1.804712055484847
DEI10C,Alpha,Serum,IgG,4.593425057,78.06363740320842
DEI10D,Alpha,NLF,IgA,3.448282714,6.916616296925538
DEI10D,Alpha,Serum,IgA,4.19829245,98.18852713431568
DEI10D,Alpha,NLF,IgG,1.5372809610000002,6.916616296925538
DEI10D,Alpha,Serum,IgG,4.702941347,98.18852713431568
DEI10E,Alpha,NLF,IgA,2.429962072,1
DEI10E,Alpha,Serum,IgA,3.9966891260000006,55.52302893234822
DEI10E,Alpha,NLF,IgG,3.431929175,1
DEI10E,Alpha,Serum,IgG,3.971814787,55.52302893234822
DEI10F,Alpha,NLF,IgA,4.344419737,16.19169207982266
DEI10F,Alpha,Serum,IgA,2.963678167,8.493521411467054
DEI10F,Alpha,NLF,IgG,2.175130778,16.19169207982266
DEI10F,Alpha,Serum,IgG,3.507645071,8.493521411467054
DEI10G,Alpha,NLF,IgA,4.006799931000001,8.151160693432146
DEI10G,Alpha,Serum,IgA,3.532302669,41.72196054082853
DEI10G,Alpha,NLF,IgG,2.2775607090000003,8.151160693432146
DEI10G,Alpha,Serum,IgG,4.038370763,41.72196054082853
DEI10H,Alpha,NLF,IgA,5.233324494,58.7296996052753
DEI10H,Alpha,Serum,IgA,3.5239751970000004,33.99262083405022
DEI10H,Alpha,NLF,IgG,2.3090196230000006,58.7296996052753
DEI10H,Alpha,Serum,IgG,4.075976034,33.99262083405022
DEI10I,Alpha,NLF,IgA,5.128387535000001,37.15083404190948
DEI10I,Alpha,Serum,IgA,3.994240827000001,84.13121915823648
DEI10I,Alpha,NLF,IgG,3.4051600850000003,37.15083404190948
DEI10I,Alpha,Serum,IgG,4.281335963,84.13121915823648
DEI10L,Alpha,NLF,IgA,4.472051032,16.32202021914743
DEI10L,Alpha,Serum,IgA,4.399818495,97.8587286190786
DEI10L,Alpha,NLF,IgG,3.489824344000001,16.32202021914743
DEI10L,Alpha,Serum,IgG,4.877494437000001,97.8587286190786
DEI10M,Alpha,NLF,IgA,4.511901507,19.38148991328358
DEI10M,Alpha,Serum,IgA,4.017193895,91.39385446303228
DEI10M,Alpha,NLF,IgG,2.85598001,19.38148991328358
DEI10M,Alpha,Serum,IgG,4.397020782,91.39385446303228
DEI10Q,Alpha,NLF,IgA,5.430418139000001,58.1250487050939
DEI10Q,Alpha,Serum,IgA,3.87925125,53.33696131603882
DEI10Q,Alpha,NLF,IgG,3.0603111020000004,58.1250487050939
DEI10Q,Alpha,Serum,IgG,4.145612838000001,53.33696131603882
DEI10S,Alpha,NLF,IgA,5.260719761,50.70296386731435
DEI10S,Alpha,Serum,IgA,3.9510213100000007,47.1532247525076
DEI10S,Alpha,NLF,IgG,2.8166831240000003,50.70296386731435
DEI10S,Alpha,Serum,IgG,4.172173874000001,47.1532247525076
DEI10V,Alpha,NLF,IgA,4.311188579,13.6439764378693
DEI10V,Alpha,Serum,IgA,4.24113682,70.9064870665114
DEI10V,Alpha,NLF,IgG,2.6514331400000004,13.6439764378693
DEI10V,Alpha,Serum,IgG,4.35105943,70.9064870665114
DEI10W,Alpha,NLF,IgA,4.532856353000001,20.03138514375576
DEI10W,Alpha,Serum,IgA,4.315613376000001,58.66653035407197
DEI10W,Alpha,NLF,IgG,3.281607188,20.03138514375576
DEI10W,Alpha,Serum,IgG,4.353258394,58.66653035407197
DEI10X,Alpha,NLF,IgA,3.761633379000001,8.68693568455936
DEI10X,Alpha,Serum,IgA,3.2477674190000005,60.99464973065795
DEI10X,Alpha,NLF,IgG,2.8104304,8.68693568455936
DEI10X,Alpha,Serum,IgG,4.528178141000001,60.99464973065795
DEI10Y,Alpha,NLF,IgA,4.8257943050000005,30.56236425883767
DEI10Y,Alpha,Serum,IgA,3.908627912000001,68.82173554192983
DEI10Y,Alpha,NLF,IgG,3.3496933860000007,30.56236425883767
DEI10Y,Alpha,Serum,IgG,4.52126667,68.82173554192983
DEI113,Alpha,NLF,IgA,5.219459574000001,25.27095617840352
DEI113,Alpha,Serum,IgA,4.120646520000001,95.02891495409548
DEI113,Alpha,NLF,IgG,3.079087975,25.27095617840352
DEI113,Alpha,Serum,IgG,5.077641789000001,95.02891495409548
DEI11B,Alpha,NLF,IgA,4.013007185,7.560900849416841
DEI11B,Alpha,Serum,IgA,3.486920317000001,3.700440258764337
DEI11B,Alpha,NLF,IgG,2.709791433,7.560900849416841
DEI11B,Alpha,Serum,IgG,3.4328554880000004,3.700440258764337
DEI11H,Alpha,NLF,IgA,5.275085839,65.67774112268488
DEI11H,Alpha,Serum,IgA,4.213121022000001,90.5657815205672
DEI11H,Alpha,NLF,IgG,3.4538824920000004,65.67774112268488
DEI11H,Alpha,Serum,IgG,4.627383455,90.5657815205672
DEI11K,Alpha,NLF,IgA,5.27667449,65.66953269085903
DEI11K,Alpha,Serum,IgA,3.321949449,44.36607638775444
DEI11K,Alpha,NLF,IgG,3.428628700541221,65.66953269085903
DEI11K,Alpha,Serum,IgG,3.9235101987594887,44.36607638775444
DEI11N,Alpha,NLF,IgA,5.264607222923704,50.92220173000494
DEI11N,Alpha,Serum,IgA,3.3761508796674,20.28763844872088
DEI11N,Alpha,NLF,IgG,2.493732441547138,50.92220173000494
DEI11N,Alpha,Serum,IgG,3.744300603357069,20.28763844872088
DEI11Q,Alpha,NLF,IgA,5.428467989011651,83.05291321401668
DEI11Q,Alpha,Serum,IgA,3.890437488390683,91.66836834711016
DEI11Q,Alpha,NLF,IgG,3.4457389482748724,83.05291321401668
DEI11Q,Alpha,Serum,IgG,4.395603370798548,91.66836834711016
DEI11S,Alpha,NLF,IgA,4.184625441007876,25.14938826402058
DEI11S,Alpha,Serum,IgA,3.843906797911866,77.32003708302022
DEI11S,Alpha,NLF,IgG,2.9754543011707524,25.14938826402058
DEI11S,Alpha,Serum,IgG,4.355834005660328,77.32003708302022
DEI11U,Alpha,NLF,IgA,4.31842685594256,15.56464140062862
DEI11U,Alpha,Serum,IgA,3.6828113508427105,29.07382298167086
DEI11U,Alpha,NLF,IgG,2.4596773258727143,15.56464140062862
DEI11U,Alpha,Serum,IgG,3.9121923309664615,29.07382298167086
DEI11V,Alpha,NLF,IgA,5.189191662888928,43.63695872405642
DEI11V,Alpha,Serum,IgA,4.254847562240298,38.26892132518704
DEI11V,Alpha,NLF,IgG,2.3839398645309653,43.63695872405642
DEI11V,Alpha,Serum,IgG,3.732296079704096,38.26892132518704
DEI11Y,Alpha,NLF,IgA,4.9289318647550795,35.79385406655064
DEI11Y,Alpha,Serum,IgA,3.773857169471962,80.39715179534093
DEI11Y,Alpha,NLF,IgG,2.7566206205044512,35.79385406655064
DEI11Y,Alpha,Serum,IgG,4.420434111167376,80.39715179534093
DEI11Z,Alpha,NLF,IgA,4.621863296481781,27.43102059900772
DEI11Z,Alpha,Serum,IgA,4.02901744655461,85.72967376743883
DEI11Z,Alpha,NLF,IgG,3.3070319109324036,27.43102059900772
DEI11Z,Alpha,Serum,IgG,4.4639433853935735,85.72967376743883
DEI13M,Alpha,NLF,IgA,4.371801045623495,36.84578019066421
DEI13M,Alpha,Serum,IgA,3.3183495802620087,94.74650406769692
DEI13M,Alpha,NLF,IgG,3.079953786226288,36.84578019066421
DEI13M,Alpha,Serum,IgG,4.289689825871583,94.74650406769692
DEI13V,Alpha,NLF,IgA,3.9114645625203894,5.9430849152154694
DEI13V,Alpha,Serum,IgA,3.933247619722313,77.08939131571209
DEI13V,Alpha,NLF,IgG,2.4709644218116353,5.9430849152154694
DEI13V,Alpha,Serum,IgG,4.495978505569113,77.08939131571209
DEI13W,Alpha,NLF,IgA,4.861612435378815,78.57370704210717
DEI13W,Alpha,Serum,IgA,4.478903510246456,76.94726696507334
DEI13W,Alpha,NLF,IgG,2.462009781252812,78.57370704210717
DEI13W,Alpha,Serum,IgG,4.17419613554161,76.94726696507334
DEI141,Alpha,NLF,IgA,5.295273902456226,62.68888652922534
DEI141,Alpha,Serum,IgA,3.439415611034441,70.95394844316661
DEI141,Alpha,NLF,IgG,3.4276538649182835,62.68888652922534
DEI141,Alpha,Serum,IgG,4.148991916743735,70.95394844316661
DEI143,Alpha,NLF,IgA,5.013908332494831,52.8366366210354
DEI143,Alpha,Serum,IgA,4.200638124853442,98.70311530042147
DEI143,Alpha,NLF,IgG,3.3135906495523555,52.8366366210354
DEI143,Alpha,Serum,IgG,4.746744255132979,98.70311530042147
DEI14B,Alpha,NLF,IgA,5.504726479536705,93.70956807266312
DEI14B,Alpha,Serum,IgA,4.270059450226608,86.38985771228805
DEI14B,Alpha,NLF,IgG,3.284612990328226,93.70956807266312
DEI14B,Alpha,Serum,IgG,4.423334883578292,86.38985771228805
DEI101,Beta,NLF,IgA,3.73948659,1
DEI101,Beta,Serum,IgA,3.628447982,81.84635141457123
DEI101,Beta,NLF,IgG,2.2532242200000003,1
DEI101,Beta,Serum,IgG,4.464283528000001,81.84635141457123
DEI102,Beta,NLF,IgA,3.801912794,13.7461022174259
DEI102,Beta,Serum,IgA,2.4028910720000005,1.447188657336218
DEI102,Beta,NLF,IgG,2.173661022,13.7461022174259
DEI102,Beta,Serum,IgG,2.7155970110000003,1.447188657336218
DEI103,Beta,NLF,IgA,2.609409428,1.968974303058768
DEI103,Beta,Serum,IgA,3.1164537350000003,16.76321425176554
DEI103,Beta,NLF,IgG,2.1256695830000005,1.968974303058768
DEI103,Beta,Serum,IgG,3.97256229,16.76321425176554
DEI104,Beta,NLF,IgA,4.976865001000001,51.48511806576792
DEI104,Beta,Serum,IgA,4.321928789000001,99.78407263062348
DEI104,Beta,NLF,IgG,3.515107823000001,51.48511806576792
DEI104,Beta,Serum,IgG,5.041392685,99.78407263062348
DEI105,Beta,NLF,IgA,4.601588063,24.33809920543947
DEI105,Beta,Serum,IgA,3.807117595,78.87853829192784
DEI105,Beta,NLF,IgG,3.070346181000001,24.33809920543947
DEI105,Beta,Serum,IgG,5.022816271,78.87853829192784
DEI106,Beta,NLF,IgA,5.279051053,68.45037398210329
DEI106,Beta,Serum,IgA,3.924271632,45.57204444171079
DEI106,Beta,NLF,IgG,3.1833095030000003,68.45037398210329
DEI106,Beta,Serum,IgG,4.403417672000001,45.57204444171079
DEI107,Beta,NLF,IgA,4.171916653,16.98352167567839
DEI107,Beta,Serum,IgA,3.46697293,84.72479278614338
DEI107,Beta,NLF,IgG,3.650565964000001,16.98352167567839
DEI107,Beta,Serum,IgG,4.981201334,84.72479278614338
DEI108,Beta,NLF,IgA,4.352561695,15.97899810446151
DEI108,Beta,Serum,IgA,3.9968833800000008,67.89047254264962
DEI108,Beta,NLF,IgG,2.9241384730000006,15.97899810446151
DEI108,Beta,Serum,IgG,4.695802294,67.89047254264962
DEI109,Beta,NLF,IgA,4.663047571,18.54533729215709
DEI109,Beta,Serum,IgA,3.469355627000001,68.98744322237816
DEI109,Beta,NLF,IgG,2.877230177,18.54533729215709
DEI109,Beta,Serum,IgG,4.464132192,68.98744322237816
DEI10A,Beta,NLF,IgA,3.3177112760000003,24.60583511627814
DEI10A,Beta,Serum,IgA,3.849921518,86.79549563236911
DEI10A,Beta,NLF,IgG,3.0141007180000003,24.60583511627814
DEI10A,Beta,Serum,IgG,4.561877191,86.79549563236911
DEI10B,Beta,NLF,IgA,3.801962821,14.05536725117116
DEI10B,Beta,Serum,IgA,4.266740691000001,67.70085735751013
DEI10B,Beta,NLF,IgG,3.189904588,14.05536725117116
DEI10B,Beta,Serum,IgG,4.408394405,67.70085735751013
DEI10C,Beta,NLF,IgA,4.306798377,3.576837718557568
DEI10C,Beta,Serum,IgA,3.820165302,69.37082977320657
DEI10C,Beta,NLF,IgG,2.258467222,3.576837718557568
DEI10C,Beta,Serum,IgG,4.539610808000001,69.37082977320657
DEI10D,Beta,NLF,IgA,3.5238742860000003,1
DEI10D,Beta,Serum,IgA,4.2536685720000005,99.27505829780176
DEI10D,Beta,NLF,IgG,1.592414246,1
DEI10D,Beta,Serum,IgG,4.780457096,99.27505829780176
DEI10E,Beta,NLF,IgA,2.489843318,1
DEI10E,Beta,Serum,IgA,4.051072243000001,57.64962545874081
DEI10E,Beta,NLF,IgG,3.4945002340000006,1
DEI10E,Beta,Serum,IgG,3.988800989,57.64962545874081
DEI10F,Beta,NLF,IgA,4.386580117,15.42142648125057
DEI10F,Beta,Serum,IgA,2.986766033,2.949454170650656
DEI10F,Beta,NLF,IgG,2.2532242200000003,15.42142648125057
DEI10F,Beta,Serum,IgG,3.362679082,2.949454170650656
DEI10G,Beta,NLF,IgA,4.072527851,9.01694801527614
DEI10G,Beta,Serum,IgA,3.873821694,56.94425029309088
DEI10G,Beta,NLF,IgG,2.173661022,9.01694801527614
DEI10G,Beta,Serum,IgG,4.183744328,56.94425029309088
DEI10H,Beta,NLF,IgA,5.219344644,64.49565069903807
DEI10H,Beta,Serum,IgA,3.639419182000001,39.70435563806212
DEI10H,Beta,NLF,IgG,2.1256695830000005,64.49565069903807
DEI10H,Beta,Serum,IgG,4.21697318,39.70435563806212
DEI10I,Beta,NLF,IgA,5.207716832000001,44.53462386514651
DEI10I,Beta,Serum,IgA,4.153933588000001,90.06007198200263
DEI10I,Beta,NLF,IgG,3.515107823000001,44.53462386514651
DEI10I,Beta,Serum,IgG,4.3211794150000005,90.06007198200263
DEI10L,Beta,NLF,IgA,4.496313861000001,12.49853221576708
DEI10L,Beta,Serum,IgA,4.412443747000001,98.8266113475098
DEI10L,Beta,NLF,IgG,3.5442142340000005,12.49853221576708
DEI10L,Beta,Serum,IgG,4.915790468,98.8266113475098
DEI10M,Beta,NLF,IgA,4.516782506,18.78484240191007
DEI10M,Beta,Serum,IgA,4.092125016,93.96763978431493
DEI10M,Beta,NLF,IgG,2.9241384730000006,18.78484240191007
DEI10M,Beta,Serum,IgG,4.374497789000001,93.96763978431493
DEI10Q,Beta,NLF,IgA,5.699675250000001,70.75381000567795
DEI10Q,Beta,Serum,IgA,4.068160566,63.56641767848605
DEI10Q,Beta,NLF,IgG,3.1986439870000005,70.75381000567795
DEI10Q,Beta,Serum,IgG,4.260848517000001,63.56641767848605
DEI10S,Beta,NLF,IgA,5.324673074,60.75225422288651
DEI10S,Beta,Serum,IgA,4.044646855,63.58746482269524
DEI10S,Beta,NLF,IgG,2.9262960240000004,60.75225422288651
DEI10S,Beta,Serum,IgG,4.315099470000001,63.58746482269524
DEI10V,Beta,NLF,IgA,4.056760313,13.06169539796057
DEI10V,Beta,Serum,IgA,4.10651015,53.38102933145456
DEI10V,Beta,NLF,IgG,2.646757573,13.06169539796057
DEI10V,Beta,Serum,IgG,4.345552058000001,53.38102933145456
DEI10W,Beta,NLF,IgA,4.564852049,22.40574961371646
DEI10W,Beta,Serum,IgA,4.364954727000001,68.84271503737958
DEI10W,Beta,NLF,IgG,3.4679832620000006,22.40574961371646
DEI10W,Beta,Serum,IgG,4.524684369000001,68.84271503737958
DEI10X,Beta,NLF,IgA,3.981654205,10.58910801587257
DEI10X,Beta,Serum,IgA,3.4674463720000004,67.67799330131234
DEI10X,Beta,NLF,IgG,2.9125046400000003,10.58910801587257
DEI10X,Beta,Serum,IgG,4.630062904,67.67799330131234
DEI10Y,Beta,NLF,IgA,4.83269253,37.72652803328096
DEI10Y,Beta,Serum,IgA,3.968186942000001,81.42018142745046
DEI10Y,Beta,NLF,IgG,3.4649426190000003,37.72652803328096
DEI10Y,Beta,Serum,IgG,4.614284746000001,81.42018142745046
DEI113,Beta,NLF,IgA,5.347946407000001,22.79713789155529
DEI113,Beta,Serum,IgA,4.266626591,94.825050840701
DEI113,Beta,NLF,IgG,3.078176952,22.79713789155529
DEI113,Beta,Serum,IgG,5.089225302,94.825050840701
DEI11B,Beta,NLF,IgA,4.053649271,14.1138753219606
DEI11B,Beta,Serum,IgA,3.4507407290000005,1
DEI11B,Beta,NLF,IgG,2.7461678810000003,14.1138753219606
DEI11B,Beta,Serum,IgG,3.4520457810000003,1
DEI11H,Beta,NLF,IgA,4.892263840000001,34.07802583131325
DEI11H,Beta,Serum,IgA,3.943546856,77.05484941534935
DEI11H,Beta,NLF,IgG,3.303815602,34.07802583131325
DEI11H,Beta,Serum,IgG,4.490987506,77.05484941534935
DEI11K,Beta,NLF,IgA,5.343244683000001,84.70785191607283
DEI11K,Beta,Serum,IgA,3.5681449030000003,50.98050421151962
DEI11K,Beta,NLF,IgG,2.5439959253040185,84.70785191607283
DEI11K,Beta,Serum,IgG,3.247333400973842,50.98050421151962
DEI11N,Beta,NLF,IgA,5.288026506247792,55.39437764034292
DEI11N,Beta,Serum,IgA,3.4478949929188465,21.96178897938077
DEI11N,Beta,NLF,IgG,2.53469582753902,55.39437764034292
DEI11N,Beta,Serum,IgG,3.777256927814779,21.96178897938077
DEI11Q,Beta,NLF,IgA,5.542642704129769,90.17410140246504
DEI11Q,Beta,Serum,IgA,4.071298473024229,96.80780333325436
DEI11Q,Beta,NLF,IgG,3.159486145430277,90.17410140246504
DEI11Q,Beta,Serum,IgG,4.8236355424866755,96.80780333325436
DEI11S,Beta,NLF,IgA,4.13054569477712,27.04322815621123
DEI11S,Beta,Serum,IgA,3.769455955869705,71.03174215993879
DEI11S,Beta,NLF,IgG,2.9304065318987234,27.04322815621123
DEI11S,Beta,Serum,IgG,4.332038182606969,71.03174215993879
DEI11U,Beta,NLF,IgA,4.275632575556303,14.15722448350006
DEI11U,Beta,Serum,IgA,3.488776668143134,18.05259555891319
DEI11U,Beta,NLF,IgG,2.4072830982072886,14.15722448350006
DEI11U,Beta,Serum,IgG,3.842823967322044,18.05259555891319
DEI11V,Beta,NLF,IgA,5.240311548730981,43.78557855838773
DEI11V,Beta,Serum,IgA,4.316479621489293,42.63454491474513
DEI11V,Beta,NLF,IgG,2.38296385406721,43.78557855838773
DEI11V,Beta,Serum,IgG,3.6423509254118,42.63454491474513
DEI11Y,Beta,NLF,IgA,4.977348890264727,33.56009643193849
DEI11Y,Beta,Serum,IgA,3.685565578752811,77.38770094098855
DEI11Y,Beta,NLF,IgG,2.6850475097192215,33.56009643193849
DEI11Y,Beta,Serum,IgG,4.361586435206055,77.38770094098855
DEI11Z,Beta,NLF,IgA,4.701440042731238,27.99597889986211
DEI11Z,Beta,Serum,IgA,4.229190154252843,92.34232413438392
DEI11Z,Beta,NLF,IgG,3.5042961190838233,27.99597889986211
DEI11Z,Beta,Serum,IgG,4.699567646633682,92.34232413438392
DEI13M,Beta,NLF,IgA,4.4536110964831925,30.87191652493973
DEI13M,Beta,Serum,IgA,3.436441884309252,96.59886512683345
DEI13M,Beta,NLF,IgG,3.735015964691049,30.87191652493973
DEI13M,Beta,Serum,IgG,4.937829335507857,96.59886512683345
DEI13V,Beta,NLF,IgA,3.94956003714027,0.8701809357476664
DEI13V,Beta,Serum,IgA,4.046145426992862,87.47987628181987
DEI13V,Beta,NLF,IgG,2.6684819813334233,0.8701809357476664
DEI13V,Beta,Serum,IgG,4.724517559855091,87.47987628181987
DEI13W,Beta,NLF,IgA,4.9676426857847344,84.8413566957833
DEI13W,Beta,Serum,IgA,4.496966057178651,71.81634066823986
DEI13W,Beta,NLF,IgG,2.420124342337191,84.8413566957833
DEI13W,Beta,Serum,IgG,4.149982009312045,71.81634066823986
DEI141,Beta,NLF,IgA,5.412398913135442,70.4192842019578
DEI141,Beta,Serum,IgA,3.6014754258443604,76.68687285434122
DEI141,Beta,NLF,IgG,3.5588660754902683,70.4192842019578
DEI141,Beta,Serum,IgG,4.253371834610013,76.68687285434122
DEI143,Beta,NLF,IgA,4.9278376263879595,49.22563238581286
DEI143,Beta,Serum,IgA,3.9505217484141895,97.86462086566486
DEI143,Beta,NLF,IgG,2.6263830517467164,49.22563238581286
DEI143,Beta,Serum,IgG,4.649060004817534,97.86462086566486
DEI14B,Beta,NLF,IgA,5.538959123611052,96.13638549447548
DEI14B,Beta,Serum,IgA,4.3216534580528725,92.63614784294649
DEI14B,Beta,NLF,IgG,3.5704987792002196,96.13638549447548
DEI14B,Beta,Serum,IgG,4.779635082609042,92.63614784294649
DEI101,Delta,NLF,IgA,4.022125086,1
DEI101,Delta,Serum,IgA,3.865838820000001,91.99439001830476
DEI101,Delta,NLF,IgG,3.864691574000001,1
DEI101,Delta,Serum,IgG,4.564593239000001,91.99439001830476
DEI102,Delta,NLF,IgA,4.144395923,10.66184522585601
DEI102,Delta,Serum,IgA,2.5911876100000004,6.384167206388525
DEI102,Delta,NLF,IgG,2.8779794860000005,10.66184522585601
DEI102,Delta,Serum,IgG,2.823466396,6.384167206388525
DEI103,Delta,NLF,IgA,2.790524654,4.207687201994837
DEI103,Delta,Serum,IgA,3.3239079720000007,75.53844371231295
DEI103,Delta,NLF,IgG,3.3267154750000003,4.207687201994837
DEI103,Delta,Serum,IgG,4.475699294000001,75.53844371231295
DEI104,Delta,NLF,IgA,4.914264017,30.72141444409542
DEI104,Delta,Serum,IgA,4.245714267,98.53280493056845
DEI104,Delta,NLF,IgG,2.907008835,30.72141444409542
DEI104,Delta,Serum,IgG,4.890461537000001,98.53280493056845
DEI105,Delta,NLF,IgA,4.648422559,20.46015781087477
DEI105,Delta,Serum,IgA,3.791869760000001,64.07977479700988
DEI105,Delta,NLF,IgG,3.3571302020000005,20.46015781087477
DEI105,Delta,Serum,IgG,4.6096017300000005,64.07977479700988
DEI106,Delta,NLF,IgA,5.444021264000001,70.88529342226968
DEI106,Delta,Serum,IgA,4.081005601,52.55144994852829
DEI106,Delta,NLF,IgG,2.866344219,70.88529342226968
DEI106,Delta,Serum,IgG,4.430455574000001,52.55144994852829
DEI107,Delta,NLF,IgA,4.5599422050000005,31.35113087077283
DEI107,Delta,Serum,IgA,4.007777785000001,99.10746637929128
DEI107,Delta,NLF,IgG,3.956419715000001,31.35113087077283
DEI107,Delta,Serum,IgG,5.0147803500000006,99.10746637929128
DEI108,Delta,NLF,IgA,4.472395084,17.01714540609074
DEI108,Delta,Serum,IgA,4.204740383,93.19247206897543
DEI108,Delta,NLF,IgG,4.090088510000001,17.01714540609074
DEI108,Delta,Serum,IgG,4.878700207,93.19247206897543
DEI109,Delta,NLF,IgA,4.686863909,9.301545223109963
DEI109,Delta,Serum,IgA,3.3297614320000006,56.28072144793252
DEI109,Delta,NLF,IgG,2.7744581230000005,9.301545223109963
DEI109,Delta,Serum,IgG,4.364595902,56.28072144793252
DEI10A,Delta,NLF,IgA,3.160474418,24.99089986598909
DEI10A,Delta,Serum,IgA,3.66627635,65.20989571683597
DEI10A,Delta,NLF,IgG,2.8165442180000007,24.99089986598909
DEI10A,Delta,Serum,IgG,4.382884358000001,65.20989571683597
DEI10B,Delta,NLF,IgA,3.9605930210000007,12.23688411411467
DEI10B,Delta,Serum,IgA,4.426007861000001,80.59071284780399
DEI10B,Delta,NLF,IgG,3.267630338,12.23688411411467
DEI10B,Delta,Serum,IgG,4.479896546000001,80.59071284780399
DEI10C,Delta,NLF,IgA,4.494452456,1
DEI10C,Delta,Serum,IgA,4.018349279000001,80.57762997412968
DEI10C,Delta,NLF,IgG,2.3300711080000003,1
DEI10C,Delta,Serum,IgG,4.603405027000001,80.57762997412968
DEI10D,Delta,NLF,IgA,3.5933792750000006,1
DEI10D,Delta,Serum,IgA,4.132004974000001,98.15911306557052
DEI10D,Delta,NLF,IgG,1.49287058,1
DEI10D,Delta,Serum,IgG,4.700023439,98.15911306557052
DEI10E,Delta,NLF,IgA,3.1195156040000005,1
DEI10E,Delta,Serum,IgA,4.039149193,48.12253818183279
DEI10E,Delta,NLF,IgG,3.394306574,1
DEI10E,Delta,Serum,IgG,3.863928499000001,48.12253818183279
DEI10F,Delta,NLF,IgA,4.412208929,9.204294824095328
DEI10F,Delta,Serum,IgA,3.3640115690000005,12.0264317475669
DEI10F,Delta,NLF,IgG,1.919673182,9.204294824095328
DEI10F,Delta,Serum,IgG,3.521115853,12.0264317475669
DEI10G,Delta,NLF,IgA,4.09944006,4.302794341527061
DEI10G,Delta,Serum,IgA,3.61608793,21.92145891672969
DEI10G,Delta,NLF,IgG,3.191839467,4.302794341527061
DEI10G,Delta,Serum,IgG,3.924872471,21.92145891672969
DEI10H,Delta,NLF,IgA,5.315321486000001,53.60539779900646
DEI10H,Delta,Serum,IgA,3.5536500680000005,26.62551161948036
DEI10H,Delta,NLF,IgG,4.215485238,53.60539779900646
DEI10H,Delta,Serum,IgG,4.112456313000001,26.62551161948036
DEI10I,Delta,NLF,IgA,5.277248565000001,34.74766133553197
DEI10I,Delta,Serum,IgA,4.15172914,78.05114754801069
DEI10I,Delta,NLF,IgG,3.590642603,34.74766133553197
DEI10I,Delta,Serum,IgG,4.271899304,78.05114754801069
DEI10L,Delta,NLF,IgA,4.6267871220000005,10.34049025721123
DEI10L,Delta,Serum,IgA,4.510474921,98.39550236997616
DEI10L,Delta,NLF,IgG,3.63151517,10.34049025721123
DEI10L,Delta,Serum,IgG,4.962993192000001,98.39550236997616
DEI10M,Delta,NLF,IgA,4.514549424999999,16.03124604417927
DEI10M,Delta,Serum,IgA,4.149072827,92.466041058154
DEI10M,Delta,NLF,IgG,3.119233813000001,16.03124604417927
DEI10M,Delta,Serum,IgG,4.471224022000001,92.466041058154
DEI10Q,Delta,NLF,IgA,5.330093201000001,37.2446624409508
DEI10Q,Delta,Serum,IgA,3.769023261,32.46388493823618
DEI10Q,Delta,NLF,IgG,3.053712780000001,37.2446624409508
DEI10Q,Delta,Serum,IgG,4.099948234000001,32.46388493823618
DEI10S,Delta,NLF,IgA,5.365652991,50.03690892341857
DEI10S,Delta,Serum,IgA,4.090735344,47.33974534819435
DEI10S,Delta,NLF,IgG,2.8428345180000005,50.03690892341857
DEI10S,Delta,Serum,IgG,4.22428115,47.33974534819435
DEI10V,Delta,NLF,IgA,4.495132784,16.8734130670512
DEI10V,Delta,Serum,IgA,4.591894929000001,93.12871009937356
DEI10V,Delta,NLF,IgG,2.8779794860000005,16.8734130670512
DEI10V,Delta,Serum,IgG,4.559451213,93.12871009937356
DEI10W,Delta,NLF,IgA,4.645724051,13.64097590641458
DEI10W,Delta,Serum,IgA,4.456299618000001,60.72410021613432
DEI10W,Delta,NLF,IgG,3.3267154750000003,13.64097590641458
DEI10W,Delta,Serum,IgG,4.39147616,60.72410021613432
DEI10X,Delta,NLF,IgA,3.896240933000001,4.75837093525816
DEI10X,Delta,Serum,IgA,3.5701287410000004,68.86071693369225
DEI10X,Delta,NLF,IgG,2.907008835,4.75837093525816
DEI10X,Delta,Serum,IgG,4.6438569460000005,68.86071693369225
DEI10Y,Delta,NLF,IgA,4.868536135,24.98216741133771
DEI10Y,Delta,Serum,IgA,3.886170850000001,58.71251723816903
DEI10Y,Delta,NLF,IgG,3.3236564630000003,24.98216741133771
DEI10Y,Delta,Serum,IgG,4.448371459,58.71251723816903
DEI113,Delta,NLF,IgA,5.51859406,27.57635469983792
DEI113,Delta,Serum,IgA,4.313233602000001,98.264198083148
DEI113,Delta,NLF,IgG,3.211454052000001,27.57635469983792
DEI113,Delta,Serum,IgG,5.248147376,98.264198083148
DEI11B,Delta,NLF,IgA,4.24402439,14.87683807455399
DEI11B,Delta,Serum,IgA,3.785733452000001,25.38330709724795
DEI11B,Delta,NLF,IgG,3.1308548120000004,14.87683807455399
DEI11B,Delta,Serum,IgG,3.850506205,25.38330709724795
DEI11H,Delta,NLF,IgA,5.126750119,41.23123288005515
DEI11H,Delta,Serum,IgA,4.313869758,91.61852028478462
DEI11H,Delta,NLF,IgG,3.484040858,41.23123288005515
DEI11H,Delta,Serum,IgG,4.672630886000001,91.61852028478462
DEI11K,Delta,NLF,IgA,5.344231926000001,56.65123202596436
DEI11K,Delta,Serum,IgA,3.364347703000001,25.3305535743677
DEI11K,Delta,NLF,IgG,3.6770956135694126,56.65123202596436
DEI11K,Delta,Serum,IgG,4.107288507810943,25.3305535743677
DEI11N,Delta,NLF,IgA,5.356714640074671,46.30331204207008
DEI11N,Delta,Serum,IgA,3.3897089943218486,14.94950432789902
DEI11N,Delta,NLF,IgG,2.523756796315944,46.30331204207008
DEI11N,Delta,Serum,IgG,3.7906254039260534,14.94950432789902
DEI11Q,Delta,NLF,IgA,5.511801256342931,81.17583899168481
DEI11Q,Delta,Serum,IgA,3.9715853396099,80.40670855999763
DEI11Q,Delta,NLF,IgG,3.694569470887488,81.17583899168481
DEI11Q,Delta,Serum,IgG,4.501208151861335,80.40670855999763
DEI11S,Delta,NLF,IgA,4.30818712267093,22.89573381650469
DEI11S,Delta,Serum,IgA,3.99882569444293,71.40864566935781
DEI11S,Delta,NLF,IgG,2.812483813005425,22.89573381650469
DEI11S,Delta,Serum,IgG,4.153777438169399,71.40864566935781
DEI11U,Delta,NLF,IgA,4.5670885491724444,14.59295456440353
DEI11U,Delta,Serum,IgA,3.884376039822272,45.20491578427608
DEI11U,Delta,NLF,IgG,2.59468701730978,14.59295456440353
DEI11U,Delta,Serum,IgG,4.025550108722721,45.20491578427608
DEI11V,Delta,NLF,IgA,5.1840954363880725,38.88288991786494
DEI11V,Delta,Serum,IgA,4.356165497489109,41.37057872724741
DEI11V,Delta,NLF,IgG,2.3828795270481313,38.88288991786494
DEI11V,Delta,Serum,IgG,3.67688950068262,41.37057872724741
DEI11Y,Delta,NLF,IgA,5.0447016145292265,34.24355008937449
DEI11Y,Delta,Serum,IgA,3.823500195694855,81.07161396238041
DEI11Y,Delta,NLF,IgG,2.748343116688548,34.24355008937449
DEI11Y,Delta,Serum,IgG,4.411155028165476,81.07161396238041
DEI11Z,Delta,NLF,IgA,4.776932688916621,26.01763900835993
DEI11Z,Delta,Serum,IgA,4.081586450818847,79.90597212081822
DEI11Z,Delta,NLF,IgG,3.3490328670489826,26.01763900835993
DEI11Z,Delta,Serum,IgG,4.501798886531191,79.90597212081822
DEI13M,Delta,NLF,IgA,4.553097911648405,22.05282754890178
DEI13M,Delta,Serum,IgA,3.4091240185982024,87.95404957143037
DEI13M,Delta,NLF,IgG,3.388354833050496,22.05282754890178
DEI13M,Delta,Serum,IgG,4.523646793426021,87.95404957143037
DEI13V,Delta,NLF,IgA,3.979870771338766,1
DEI13V,Delta,Serum,IgA,4.000855487045372,69.92057429595148
DEI13V,Delta,NLF,IgG,2.3807833288211624,1
DEI13V,Delta,Serum,IgG,4.438596614746666,69.92057429595148
DEI13W,Delta,NLF,IgA,5.086813851341409,79.8194614754215
DEI13W,Delta,Serum,IgA,4.6180588601987544,79.39046469523234
DEI13W,Delta,NLF,IgG,2.493033494107086,79.8194614754215
DEI13W,Delta,Serum,IgG,4.234440916604057,79.39046469523234
DEI141,Delta,NLF,IgA,5.37066455788658,60.30508417352111
DEI141,Delta,Serum,IgA,3.5581599277159164,60.74420449797637
DEI141,Delta,NLF,IgG,3.3964621887566206,60.30508417352111
DEI141,Delta,Serum,IgG,4.164435956857013,60.74420449797637
DEI143,Delta,NLF,IgA,5.164306744002718,52.95891619945867
DEI143,Delta,Serum,IgA,4.318632774773611,98.87276272309464
DEI143,Delta,NLF,IgG,3.5441693464002944,52.95891619945867
DEI143,Delta,Serum,IgG,4.79075565278714,98.87276272309464
DEI14B,Delta,NLF,IgA,5.55565547929766,93.52946389759909
DEI14B,Delta,Serum,IgA,4.300430749375138,87.45479023089162
DEI14B,Delta,NLF,IgG,3.2958959248003494,93.52946389759909
DEI14B,Delta,Serum,IgG,4.4348838913445086,87.45479023089162
DEI101,Gamma,NLF,IgA,3.4594409560000003,1
DEI101,Gamma,Serum,IgA,3.6011520270000004,84.06019679041579
DEI101,Gamma,NLF,IgG,2.9432238630000005,1
DEI101,Gamma,Serum,IgG,4.728754885,84.06019679041579
DEI102,Gamma,NLF,IgA,3.764070245,8.777963706432612
DEI102,Gamma,Serum,IgA,2.233531402,1
DEI102,Gamma,NLF,IgG,3.152852593,8.777963706432612
DEI102,Gamma,Serum,IgG,3.090922206,1
DEI103,Gamma,NLF,IgA,2.298320791,2.2568505155662
DEI103,Gamma,Serum,IgA,3.1030772120000005,16.14691156336603
DEI103,Gamma,NLF,IgG,1.0642821170000003,2.2568505155662
DEI103,Gamma,Serum,IgG,4.258750653000001,16.14691156336603
DEI104,Gamma,NLF,IgA,4.93189258,45.87042169059855
DEI104,Gamma,Serum,IgA,4.295808815,99.74751917527044
DEI104,Gamma,NLF,IgG,0.653810606,45.87042169059855
DEI104,Gamma,Serum,IgG,4.954242509,99.74751917527044
DEI105,Gamma,NLF,IgA,4.649285934,19.9903875620344
DEI105,Gamma,Serum,IgA,3.7442167830000006,73.48245840305658
DEI105,Gamma,NLF,IgG,1.844534213,19.9903875620344
DEI105,Gamma,Serum,IgG,4.614066123000001,73.48245840305658
DEI106,Gamma,NLF,IgA,5.32001458,63.59425811159688
DEI106,Gamma,Serum,IgA,3.903901182,43.86724253106956
DEI106,Gamma,NLF,IgG,2.9001376770000005,63.59425811159688
DEI106,Gamma,Serum,IgG,4.409432787,43.86724253106956
DEI107,Gamma,NLF,IgA,4.053721531,16.52638239424665
DEI107,Gamma,Serum,IgA,3.303676125,80.794260757222
DEI107,Gamma,NLF,IgG,3.564962893000001,16.52638239424665
DEI107,Gamma,Serum,IgG,4.914001304,80.794260757222
DEI108,Gamma,NLF,IgA,4.295586313,17.44529618875653
DEI108,Gamma,Serum,IgA,3.976995543000001,65.699117463551
DEI108,Gamma,NLF,IgG,3.0533410460000003,17.44529618875653
DEI108,Gamma,Serum,IgG,4.647904272,65.699117463551
DEI109,Gamma,NLF,IgA,4.667152645,14.82692099942898
DEI109,Gamma,Serum,IgA,3.3804855710000004,59.35208640611669
DEI109,Gamma,NLF,IgG,2.5538501330000005,14.82692099942898
DEI109,Gamma,Serum,IgG,4.269821736,59.35208640611669
DEI10A,Gamma,NLF,IgA,3.22213667,25.92798542757335
DEI10A,Gamma,Serum,IgA,3.761263629,80.64750795976907
DEI10A,Gamma,NLF,IgG,2.8180321830000006,25.92798542757335
DEI10A,Gamma,Serum,IgG,4.384480073,80.64750795976907
DEI10B,Gamma,NLF,IgA,3.7569117840000006,15.31778847504612
DEI10B,Gamma,Serum,IgA,4.257314501000001,69.27204378166819
DEI10B,Gamma,NLF,IgG,3.2124030340000003,15.31778847504612
DEI10B,Gamma,Serum,IgG,4.4584780330000005,69.27204378166819
DEI10C,Gamma,NLF,IgA,4.328788944,6.817713552544092
DEI10C,Gamma,Serum,IgA,3.78134339,65.67936868685307
DEI10C,Gamma,NLF,IgG,2.288196396,6.817713552544092
DEI10C,Gamma,Serum,IgG,4.570438020000001,65.67936868685307
DEI10D,Gamma,NLF,IgA,3.510985911000001,1
DEI10D,Gamma,Serum,IgA,4.249279509000001,99.03833246626958
DEI10D,Gamma,NLF,IgG,1.557577823,1
DEI10D,Gamma,Serum,IgG,4.737349196000001,99.03833246626958
DEI10E,Gamma,NLF,IgA,2.438659023,1
DEI10E,Gamma,Serum,IgA,4.038977062,53.66117038046294
DEI10E,Gamma,NLF,IgG,3.1906080990000003,1
DEI10E,Gamma,Serum,IgG,4.055578168,53.66117038046294
DEI10F,Gamma,NLF,IgA,4.490281541,18.16173147345886
DEI10F,Gamma,Serum,IgA,2.855513961,4.121398918380259
DEI10F,Gamma,NLF,IgG,2.472499954,18.16173147345886
DEI10F,Gamma,Serum,IgG,3.3705549560000003,4.121398918380259
DEI10G,Gamma,NLF,IgA,4.063315455000001,5.732760996430608
DEI10G,Gamma,Serum,IgA,3.833450827000001,50.34964140756075
DEI10G,Gamma,NLF,IgG,2.1479215440000003,5.732760996430608
DEI10G,Gamma,Serum,IgG,3.972342024000001,50.34964140756075
DEI10H,Gamma,NLF,IgA,5.252949668,59.66012535853733
DEI10H,Gamma,Serum,IgA,3.5749452479999997,35.93071989664425
DEI10H,Gamma,NLF,IgG,4.387982844,59.66012535853733
DEI10H,Gamma,Serum,IgG,4.1320223910000005,35.93071989664425
DEI10I,Gamma,NLF,IgA,5.263325690000001,42.592227594311026
DEI10I,Gamma,Serum,IgA,4.13142034,86.37018027730561
DEI10I,Gamma,NLF,IgG,2.741635708,42.592227594311026
DEI10I,Gamma,Serum,IgG,4.234196840000001,86.37018027730561
DEI10L,Gamma,NLF,IgA,4.524985159000001,9.686206812925647
DEI10L,Gamma,Serum,IgA,4.449006246000001,98.45098648746966
DEI10L,Gamma,NLF,IgG,3.025340863,9.686206812925647
DEI10L,Gamma,Serum,IgG,4.919900622000001,98.45098648746966
DEI10M,Gamma,NLF,IgA,4.56224077,14.77603680946429
DEI10M,Gamma,Serum,IgA,4.11307198,92.57805145299936
DEI10M,Gamma,NLF,IgG,3.3281932560000005,14.77603680946429
DEI10M,Gamma,Serum,IgG,4.410873933000001,92.57805145299936
DEI10Q,Gamma,NLF,IgA,5.501224443,62.77990578495369
DEI10Q,Gamma,Serum,IgA,4.004741198,56.14620365255507
DEI10Q,Gamma,NLF,IgG,3.103634351,62.77990578495369
DEI10Q,Gamma,Serum,IgG,4.163562974,56.14620365255507
DEI10S,Gamma,NLF,IgA,5.361576123000001,58.54093109939407
DEI10S,Gamma,Serum,IgA,4.017185327,51.10156275613693
DEI10S,Gamma,NLF,IgG,2.812481796,58.54093109939407
DEI10S,Gamma,Serum,IgG,4.193620912000001,51.10156275613693
DEI10V,Gamma,NLF,IgA,3.980285827,8.61702151113698
DEI10V,Gamma,Serum,IgA,4.089892787,48.33058849726288
DEI10V,Gamma,NLF,IgG,2.591390768,8.61702151113698
DEI10V,Gamma,Serum,IgG,4.282123186000001,48.33058849726288
DEI10W,Gamma,NLF,IgA,4.574786468,18.48511505162276
DEI10W,Gamma,Serum,IgA,4.056106212000001,63.86164262454832
DEI10W,Gamma,NLF,IgG,3.3260361660000006,18.48511505162276
DEI10W,Gamma,Serum,IgG,4.380719882000001,63.86164262454832
DEI10X,Gamma,NLF,IgA,3.838116325000001,8.738191142006135
DEI10X,Gamma,Serum,IgA,3.2595170170000003,60.82966804018704
DEI10X,Gamma,NLF,IgG,2.7992245200000005,8.738191142006135
DEI10X,Gamma,Serum,IgG,4.478948777000001,60.82966804018704
DEI10Y,Gamma,NLF,IgA,4.860342259,32.83428024666046
DEI10Y,Gamma,Serum,IgA,3.993831565,77.27522658676878
DEI10Y,Gamma,NLF,IgG,3.382114296000001,32.83428024666046
DEI10Y,Gamma,Serum,IgG,4.545056868,77.27522658676878
DEI113,Gamma,NLF,IgA,5.041945361,21.27939537540856
DEI113,Gamma,Serum,IgA,3.934698432,93.298019816067
DEI113,Gamma,NLF,IgG,3.061085893,21.27939537540856
DEI113,Gamma,Serum,IgG,5.052642344000001,93.298019816067
DEI11B,Gamma,NLF,IgA,3.765034949,12.47904511271154
DEI11B,Gamma,Serum,IgA,3.3799669430000003,1
DEI11B,Gamma,NLF,IgG,2.5997612470000004,12.47904511271154
DEI11B,Gamma,Serum,IgG,3.346885916,1
DEI11H,Gamma,NLF,IgA,4.9762629490000005,33.92514305515233
DEI11H,Gamma,Serum,IgA,3.998642901,73.81463310830915
DEI11H,Gamma,NLF,IgG,3.331337368,33.92514305515233
DEI11H,Gamma,Serum,IgG,4.486154627000001,73.81463310830915
DEI11K,Gamma,NLF,IgA,5.427928389,79.6757494591532
DEI11K,Gamma,Serum,IgA,3.42502306,42.97743304174835
DEI11K,Gamma,NLF,IgG,3.222492660212786,79.6757494591532
DEI11K,Gamma,Serum,IgG,3.61770125079349,42.97743304174835
DEI11N,Gamma,NLF,IgA,5.172495939318431,42.31224889255176
DEI11N,Gamma,Serum,IgA,3.424782585805092,16.32032572729741
DEI11N,Gamma,NLF,IgG,2.458476671158258,42.31224889255176
DEI11N,Gamma,Serum,IgG,3.691106933863571,16.32032572729741
DEI11Q,Gamma,NLF,IgA,5.520183669212755,87.8385560560795
DEI11Q,Gamma,Serum,IgA,3.935817739482993,94.55265386464032
DEI11Q,Gamma,NLF,IgG,3.2561985470335744,87.8385560560795
DEI11Q,Gamma,Serum,IgG,4.494730205004461,94.55265386464032
DEI11S,Gamma,NLF,IgA,4.210473237146841,24.36994858443298
DEI11S,Gamma,Serum,IgA,3.885792912904837,68.29528253391291
DEI11S,Gamma,NLF,IgG,3.009270826073752,24.36994858443298
DEI11S,Gamma,Serum,IgG,4.403661560157415,68.29528253391291
DEI11U,Gamma,NLF,IgA,4.230289094527619,11.38704964552292
DEI11U,Gamma,Serum,IgA,3.4173552478759426,10.38824867759889
DEI11U,Gamma,NLF,IgG,2.380388977158134,11.38704964552292
DEI11U,Gamma,Serum,IgG,3.835992178718801,10.38824867759889
DEI11V,Gamma,NLF,IgA,5.027625886237791,35.089836762598686
DEI11V,Gamma,Serum,IgA,4.214949562479644,33.01038558871981
DEI11V,Gamma,NLF,IgG,2.460517802157293,35.089836762598686
DEI11V,Gamma,Serum,IgG,3.741109955233414,33.01038558871981
DEI11Y,Gamma,NLF,IgA,4.9070932549471316,30.18604193787051
DEI11Y,Gamma,Serum,IgA,3.664686191795516,73.00093345960916
DEI11Y,Gamma,NLF,IgG,2.7916089133267477,30.18604193787051
DEI11Y,Gamma,Serum,IgG,4.472283869354239,73.00093345960916
DEI11Z,Gamma,NLF,IgA,4.715733289439871,23.18640718506795
DEI11Z,Gamma,Serum,IgA,4.204322964748727,88.04305667504038
DEI11Z,Gamma,NLF,IgG,3.361541657837551,23.18640718506795
DEI11Z,Gamma,Serum,IgG,4.528296478130994,88.04305667504038
DEI13M,Gamma,NLF,IgA,4.294817245024992,27.40044672541839
DEI13M,Gamma,Serum,IgA,3.2647179315052943,94.88681879563296
DEI13M,Gamma,NLF,IgG,3.0660270946327635,27.40044672541839
DEI13M,Gamma,Serum,IgG,4.185311273176248,94.88681879563296
DEI13V,Gamma,NLF,IgA,3.973392069159979,1
DEI13V,Gamma,Serum,IgA,4.0175683285645745,81.11875350665947
DEI13V,Gamma,NLF,IgG,2.524274444714216,1
DEI13V,Gamma,Serum,IgG,4.5734506596925515,81.11875350665947
DEI13W,Gamma,NLF,IgA,4.962171975945161,80.15829719883496
DEI13W,Gamma,Serum,IgA,4.49424448692779,65.11904548342258
DEI13W,Gamma,NLF,IgG,2.4766650249027387,80.15829719883496
DEI13W,Gamma,Serum,IgG,4.169535805680315,65.11904548342258
DEI141,Gamma,NLF,IgA,5.361672510385591,58.86492796153825
DEI141,Gamma,Serum,IgA,3.505631197180641,71.4956447830495
DEI141,Gamma,NLF,IgG,3.6141920626676862,58.86492796153825
DEI141,Gamma,Serum,IgG,4.309909392106739,71.4956447830495
DEI143,Gamma,NLF,IgA,4.964453580930606,40.75795817451324
DEI143,Gamma,Serum,IgA,4.120732479945087,97.3712193803288
DEI143,Gamma,NLF,IgG,3.240506780253982,40.75795817451324
DEI143,Gamma,Serum,IgG,4.692108269873334,97.3712193803288
DEI14B,Gamma,NLF,IgA,5.579773965116838,94.93098646700076
DEI14B,Gamma,Serum,IgA,4.35470584758949,91.24181057760056
DEI14B,Gamma,NLF,IgG,3.593128074119298,94.93098646700076
DEI14B,Gamma,Serum,IgG,4.782560619336422,91.24181057760056
DEI101,Omicron,NLF,IgA,4.553026963000001,29.7492768935959
DEI101,Omicron,Serum,IgA,3.1705472100000005,23.48494302503903
DEI101,Omicron,NLF,IgG,1.882651532,29.7492768935959
DEI101,Omicron,Serum,IgG,3.814847566000001,23.48494302503903
DEI102,Omicron,NLF,IgA,3.605505035,1.3294619755572
DEI102,Omicron,Serum,IgA,3.0478754210000005,51.40780428012435
DEI102,Omicron,NLF,IgG,3.1693947110000003,1.3294619755572
DEI102,Omicron,Serum,IgG,3.232446143,51.40780428012435
DEI103,Omicron,NLF,IgA,2.962831961,3.016109396362143
DEI103,Omicron,Serum,IgA,3.474672377,94.86102213828734
DEI103,Omicron,NLF,IgG,4.065014687,3.016109396362143
DEI103,Omicron,Serum,IgG,4.380393227000001,94.86102213828734
DEI104,Omicron,NLF,IgA,4.615891559,20.11885844862825
DEI104,Omicron,Serum,IgA,4.021630927000001,98.3480173157292
DEI104,Omicron,NLF,IgG,3.535055066,20.11885844862825
DEI104,Omicron,Serum,IgG,4.556772875,98.3480173157292
DEI105,Omicron,NLF,IgA,4.339289303000001,11.63598144188665
DEI105,Omicron,Serum,IgA,3.452275855000001,25.59838268205227
DEI105,Omicron,NLF,IgG,2.940007666,11.63598144188665
DEI105,Omicron,Serum,IgG,3.9920683390000007,25.59838268205227
DEI106,Omicron,NLF,IgA,4.884560302000001,31.11257165201041
DEI106,Omicron,Serum,IgA,3.3301507800000003,1
DEI106,Omicron,NLF,IgG,2.5549182980000005,31.11257165201041
DEI106,Omicron,Serum,IgG,4.128292030000001,1
DEI107,Omicron,NLF,IgA,4.326038613000001,11.93936721603341
DEI107,Omicron,Serum,IgA,3.522840263,91.56814948543666
DEI107,Omicron,NLF,IgG,3.4646290500000005,11.93936721603341
DEI107,Omicron,Serum,IgG,4.105860829000001,91.56814948543666
DEI108,Omicron,NLF,IgA,4.231045158000001,3.536635080158734
DEI108,Omicron,Serum,IgA,3.9793406140000007,76.542511446296
DEI108,Omicron,NLF,IgG,2.7647611840000006,3.536635080158734
DEI108,Omicron,Serum,IgG,4.972717982,76.542511446296
DEI109,Omicron,NLF,IgA,4.3679970500000005,1
DEI109,Omicron,Serum,IgA,3.071087275,12.9989988824089
DEI109,Omicron,NLF,IgG,1.999901209,1
DEI109,Omicron,Serum,IgG,4.255381417,12.9989988824089
DEI10A,Omicron,NLF,IgA,2.9337897870000003,20.1460850832608
DEI10A,Omicron,Serum,IgA,3.4183472770000005,25.56904036951362
DEI10A,Omicron,NLF,IgG,2.3243646090000003,20.1460850832608
DEI10A,Omicron,Serum,IgG,3.954404808,25.56904036951362
DEI10B,Omicron,NLF,IgA,3.3681487560000005,0
DEI10B,Omicron,Serum,IgA,3.822522859000001,0
DEI10B,Omicron,NLF,IgG,2.701668265,0
DEI10B,Omicron,Serum,IgG,3.938951774000001,0
DEI10C,Omicron,NLF,IgA,3.952646298,1
DEI10C,Omicron,Serum,IgA,3.2998753930000007,11.16890717509265
DEI10C,Omicron,NLF,IgG,1.765236428,1
DEI10C,Omicron,Serum,IgG,4.086870967000001,11.16890717509265
DEI10D,Omicron,NLF,IgA,3.3263623180000006,1
DEI10D,Omicron,Serum,IgA,4.105837696000001,96.67669829193292
DEI10D,Omicron,NLF,IgG,1.1844818560000003,1
DEI10D,Omicron,Serum,IgG,4.413721566000001,96.67669829193292
DEI10E,Omicron,NLF,IgA,3.07923303,1
DEI10E,Omicron,Serum,IgA,3.765925569,21.71399096498306
DEI10E,Omicron,NLF,IgG,2.7553579880000005,1
DEI10E,Omicron,Serum,IgG,3.551769726,21.71399096498306
DEI10F,Omicron,NLF,IgA,4.026788268,3.191096986386466
DEI10F,Omicron,Serum,IgA,3.4821467019999996,21.53761678549738
DEI10F,Omicron,NLF,IgG,2.877340385000001,3.191096986386466
DEI10F,Omicron,Serum,IgG,3.525006228000001,21.53761678549738
DEI10G,Omicron,NLF,IgA,3.764685561,1
DEI10G,Omicron,Serum,IgA,3.255291021000001,8.52558396215165
DEI10G,Omicron,NLF,IgG,3.348985569,1
DEI10G,Omicron,Serum,IgG,3.644426721,8.52558396215165
DEI10H,Omicron,NLF,IgA,4.895792968,28.95032404595712
DEI10H,Omicron,Serum,IgA,2.944082797,1
DEI10H,Omicron,NLF,IgG,3.2512868840000007,28.95032404595712
DEI10H,Omicron,Serum,IgG,3.741944849,1
DEI10I,Omicron,NLF,IgA,4.708954817,5.527222910894992
DEI10I,Omicron,Serum,IgA,3.564180468,38.24019611921342
DEI10I,Omicron,NLF,IgG,3.078332507,5.527222910894992
DEI10I,Omicron,Serum,IgG,3.686933684,38.24019611921342
DEI10L,Omicron,NLF,IgA,4.340243308,1
DEI10L,Omicron,Serum,IgA,4.025489272000001,90.785558393442
DEI10L,Omicron,NLF,IgG,2.6411699070000005,1
DEI10L,Omicron,Serum,IgG,4.410624806000001,90.785558393442
DEI10M,Omicron,NLF,IgA,4.350650621000001,1
DEI10M,Omicron,Serum,IgA,3.803563623000001,66.15806565223782
DEI10M,Omicron,NLF,IgG,3.2627044030000003,1
DEI10M,Omicron,Serum,IgG,3.829084276000001,66.15806565223782
DEI10Q,Omicron,NLF,IgA,5.380668259,37.08339544433812
DEI10Q,Omicron,Serum,IgA,3.742435954999999,12.55332191426618
DEI10Q,Omicron,NLF,IgG,2.745017564,37.08339544433812
DEI10Q,Omicron,Serum,IgG,3.788353855,12.55332191426618
DEI10S,Omicron,NLF,IgA,5.109088345000001,35.92356259106275
DEI10S,Omicron,Serum,IgA,3.732025179,33.89470072878539
DEI10S,Omicron,NLF,IgG,2.298482201000001,35.92356259106275
DEI10S,Omicron,Serum,IgG,3.651756682,33.89470072878539
DEI10V,Omicron,NLF,IgA,3.992551062,3.15948274666733
DEI10V,Omicron,Serum,IgA,4.424730587,64.26731226271988
DEI10V,Omicron,NLF,IgG,2.332336607,3.15948274666733
DEI10V,Omicron,Serum,IgG,4.01825751,64.26731226271988
DEI10W,Omicron,NLF,IgA,4.364393043000001,1
DEI10W,Omicron,Serum,IgA,4.279782805000001,32.57791939478143
DEI10W,Omicron,NLF,IgG,2.9380870500000005,1
DEI10W,Omicron,Serum,IgG,3.973314694,32.57791939478143
DEI10X,Omicron,NLF,IgA,3.620646564,5.060774216091646
DEI10X,Omicron,Serum,IgA,3.0026765600000003,47.69950942464857
DEI10X,Omicron,NLF,IgG,2.4764959120000003,5.060774216091646
DEI10X,Omicron,Serum,IgG,4.140748705000001,47.69950942464857
DEI10Y,Omicron,NLF,IgA,4.64540604,10.43935473672826
DEI10Y,Omicron,Serum,IgA,3.666901278000001,42.5389007673386
DEI10Y,Omicron,NLF,IgG,2.998817905,10.43935473672826
DEI10Y,Omicron,Serum,IgG,4.150583032000001,42.5389007673386
DEI113,Omicron,NLF,IgA,3.780223865,1
DEI113,Omicron,Serum,IgA,3.652300146,71.32031492408171
DEI113,Omicron,NLF,IgG,2.7299225380000003,1
DEI113,Omicron,Serum,IgG,4.795292216,71.32031492408171
DEI11B,Omicron,NLF,IgA,4.117900374,30.65382451517352
DEI11B,Omicron,Serum,IgA,3.925023306,44.29294700224261
DEI11B,Omicron,NLF,IgG,3.023056664,30.65382451517352
DEI11B,Omicron,Serum,IgG,3.745490943000001,44.29294700224261
DEI11H,Omicron,NLF,IgA,4.5045678240000004,7.674515894807199
DEI11H,Omicron,Serum,IgA,3.4327870260000006,37.07370848080159
DEI11H,Omicron,NLF,IgG,2.8445838840000004,7.674515894807199
DEI11H,Omicron,Serum,IgG,3.993415616000001,37.07370848080159
DEI11K,Omicron,NLF,IgA,5.042040388,35.29075163131549
DEI11K,Omicron,Serum,IgA,2.959111737,1
DEI11K,Omicron,NLF,IgG,3.9222244390402663,35.29075163131549
DEI11K,Omicron,Serum,IgG,4.414532770598213,1
DEI11N,Omicron,NLF,IgA,5.203260075802177,27.26520838041748
DEI11N,Omicron,Serum,IgA,3.3869042774125457,37.93291340092277
DEI11N,Omicron,NLF,IgG,2.4903814947195735,27.26520838041748
DEI11N,Omicron,Serum,IgG,3.8040542435568057,37.93291340092277
DEI11Q,Omicron,NLF,IgA,5.654874482088747,69.92513019268036
DEI11Q,Omicron,Serum,IgA,3.8692513399168114,66.63631111996831
DEI11Q,Omicron,NLF,IgG,4.173594559788002,69.92513019268036
DEI11Q,Omicron,Serum,IgG,3.9421386695547898,66.63631111996831
DEI11S,Omicron,NLF,IgA,3.869192196986447,25.75386731165939
DEI11S,Omicron,Serum,IgA,3.387776321610625,1
DEI11S,Omicron,NLF,IgG,2.407028064568447,25.75386731165939
DEI11S,Omicron,Serum,IgG,3.743746134885223,1
DEI11U,Omicron,NLF,IgA,4.246494886335509,0
DEI11U,Omicron,Serum,IgA,3.4903837141442837,0
DEI11U,Omicron,NLF,IgG,2.2013141391324593,0
DEI11U,Omicron,Serum,IgG,3.651458532778809,0
DEI11V,Omicron,NLF,IgA,5.359042924065107,51.95301042022302
DEI11V,Omicron,Serum,IgA,4.366007702552752,76.28483425114716
DEI11V,Omicron,NLF,IgG,2.608291371188684,51.95301042022302
DEI11V,Omicron,Serum,IgG,3.9454424718007712,76.28483425114716
DEI11Y,Omicron,NLF,IgA,4.741968293667957,21.04288784916403
DEI11Y,Omicron,Serum,IgA,3.6127708769236886,54.52722287109656
DEI11Y,Omicron,NLF,IgG,2.436225943082621,21.04288784916403
DEI11Y,Omicron,Serum,IgG,4.126475867600934,54.52722287109656
DEI11Z,Omicron,NLF,IgA,4.733981873560517,22.24744062588658
DEI11Z,Omicron,Serum,IgA,4.071514608371962,53.55954522177628
DEI11Z,Omicron,NLF,IgG,3.028824650863961,22.24744062588658
DEI11Z,Omicron,Serum,IgG,4.136593816658101,53.55954522177628
DEI13M,Omicron,NLF,IgA,3.9723985919139655,6.874846726068828
DEI13M,Omicron,Serum,IgA,2.892435919439861,80.82202147760039
DEI13M,Omicron,NLF,IgG,3.5958072526743217,6.874846726068828
DEI13M,Omicron,Serum,IgG,4.762335709765989,80.82202147760039
DEI13V,Omicron,NLF,IgA,3.612046442192391,0
DEI13V,Omicron,Serum,IgA,3.5161506739990784,0
DEI13V,Omicron,NLF,IgG,1.875321016796058,0
DEI13V,Omicron,Serum,IgG,4.0063540772071695,0
DEI13W,Omicron,NLF,IgA,4.809417777363715,92.82557787277422
DEI13W,Omicron,Serum,IgA,5.520017461103877,29.42966048035761
DEI13W,Omicron,NLF,IgG,1.975137500447399,92.82557787277422
DEI13W,Omicron,Serum,IgG,3.6247532492032017,29.42966048035761
DEI141,Omicron,NLF,IgA,5.195656169165847,34.88306387530177
DEI141,Omicron,Serum,IgA,3.303993224046728,44.67638548685336
DEI141,Omicron,NLF,IgG,3.262304107054498,34.88306387530177
DEI141,Omicron,Serum,IgG,3.918183690783234,44.67638548685336
DEI143,Omicron,NLF,IgA,5.059510833635426,38.42018455383462
DEI143,Omicron,Serum,IgA,4.979540282592385,95.8523055500198
DEI143,Omicron,NLF,IgG,3.51538194311237,38.42018455383462
DEI143,Omicron,Serum,IgG,4.492650541159867,95.8523055500198
DEI14B,Omicron,NLF,IgA,5.701165603276703,75.5648780438583
DEI14B,Omicron,Serum,IgA,4.761000140539559,55.24465645677614
DEI14B,Omicron,NLF,IgG,3.0873097262228404,75.5648780438583
DEI14B,Omicron,Serum,IgG,4.09544672313723,55.24465645677614
DEI101,Wildtype,NLF,IgA,3.8210248180000006,9.452745378337449
DEI101,Wildtype,Serum,IgA,3.8193509850000007,94.38328765543385
DEI101,Wildtype,NLF,IgG,2.1747491470000004,9.452745378337449
DEI101,Wildtype,Serum,IgG,4.941152335,94.38328765543385
DEI102,Wildtype,NLF,IgA,3.952627828,20.41351903953996
DEI102,Wildtype,Serum,IgA,2.44537934,8.319346689692775
DEI102,Wildtype,NLF,IgG,2.466151453,20.41351903953996
DEI102,Wildtype,Serum,IgG,2.6595117,8.319346689692775
DEI103,Wildtype,NLF,IgA,2.673515141,13.76973684876113
DEI103,Wildtype,Serum,IgA,3.128957194,19.60618872307255
DEI103,Wildtype,NLF,IgG,2.3025708310000006,13.76973684876113
DEI103,Wildtype,Serum,IgG,4.210768079,19.60618872307255
DEI104,Wildtype,NLF,IgA,4.916349023,39.0611294733232
DEI104,Wildtype,Serum,IgA,4.218633708,99.5582952178325
DEI104,Wildtype,NLF,IgG,3.361753394,39.0611294733232
DEI104,Wildtype,Serum,IgG,4.991409020000001,99.5582952178325
DEI105,Wildtype,NLF,IgA,4.6179493990000005,26.20828919826435
DEI105,Wildtype,Serum,IgA,3.705795379,70.19605581707798
DEI105,Wildtype,NLF,IgG,2.9348579160000003,26.20828919826435
DEI105,Wildtype,Serum,IgG,4.639926366,70.19605581707798
DEI106,Wildtype,NLF,IgA,5.44272947,71.09190919456154
DEI106,Wildtype,Serum,IgA,3.964969544000001,51.4877438557408
DEI106,Wildtype,NLF,IgG,3.117480958,71.09190919456154
DEI106,Wildtype,Serum,IgG,4.414066172,51.4877438557408
DEI107,Wildtype,NLF,IgA,4.231171243,25.42746521549548
DEI107,Wildtype,Serum,IgA,3.558206127,96.33990022692257
DEI107,Wildtype,NLF,IgG,3.4405055450000006,25.42746521549548
DEI107,Wildtype,Serum,IgG,4.989295248,96.33990022692257
DEI108,Wildtype,NLF,IgA,4.420419842,16.69383060024705
DEI108,Wildtype,Serum,IgA,4.002748811,70.29155955376284
DEI108,Wildtype,NLF,IgG,2.837265346,16.69383060024705
DEI108,Wildtype,Serum,IgG,4.575186371000001,70.29155955376284
DEI109,Wildtype,NLF,IgA,4.570651015,22.45329270377756
DEI109,Wildtype,Serum,IgA,3.3228392400000004,56.63553689995275
DEI109,Wildtype,NLF,IgG,2.748359034,22.45329270377756
DEI109,Wildtype,Serum,IgG,4.250102502000001,56.63553689995275
DEI10A,Wildtype,NLF,IgA,3.310580763,35.85897878364229
DEI10A,Wildtype,Serum,IgA,3.697570732000001,68.7516823419793
DEI10A,Wildtype,NLF,IgG,2.7889161400000004,35.85897878364229
DEI10A,Wildtype,Serum,IgG,4.353057644000001,68.7516823419793
DEI10B,Wildtype,NLF,IgA,3.7918410420000006,28.49511269179248
DEI10B,Wildtype,Serum,IgA,4.310087743,85.99861430767149
DEI10B,Wildtype,NLF,IgG,3.3451048810000006,28.49511269179248
DEI10B,Wildtype,Serum,IgG,4.563165885,85.99861430767149
DEI10C,Wildtype,NLF,IgA,4.418839158,11.83687914222038
DEI10C,Wildtype,Serum,IgA,3.952418321000001,81.62333059911285
DEI10C,Wildtype,NLF,IgG,2.3386603900000003,11.83687914222038
DEI10C,Wildtype,Serum,IgG,4.601676199,81.62333059911285
DEI10D,Wildtype,NLF,IgA,3.458894363,2.94483511057666
DEI10D,Wildtype,Serum,IgA,4.187746947000001,98.21500529589308
DEI10D,Wildtype,NLF,IgG,1.459629549,2.94483511057666
DEI10D,Wildtype,Serum,IgG,4.655282971,98.21500529589308
DEI10E,Wildtype,NLF,IgA,2.4644139490000003,1
DEI10E,Wildtype,Serum,IgA,4.023862726,52.23194458355211
DEI10E,Wildtype,NLF,IgG,3.4167195460000004,1
DEI10E,Wildtype,Serum,IgG,3.970347598000001,52.23194458355211
DEI10F,Wildtype,NLF,IgA,4.407203878,19.23864097373344
DEI10F,Wildtype,Serum,IgA,3.013936266,5.493083566781287
DEI10F,Wildtype,NLF,IgG,2.1747491470000004,19.23864097373344
DEI10F,Wildtype,Serum,IgG,3.468030441,5.493083566781287
DEI10G,Wildtype,NLF,IgA,3.937730928000001,13.66340800632915
DEI10G,Wildtype,Serum,IgA,3.43473759,29.63367639813323
DEI10G,Wildtype,NLF,IgG,2.466151453,13.66340800632915
DEI10G,Wildtype,Serum,IgG,4.006747901000001,29.63367639813323
DEI10H,Wildtype,NLF,IgA,5.224328991000001,53.26943485866155
DEI10H,Wildtype,Serum,IgA,3.4799251490000005,30.14923470549137
DEI10H,Wildtype,NLF,IgG,2.3025708310000006,53.26943485866155
DEI10H,Wildtype,Serum,IgG,4.102493720000001,30.14923470549137
DEI10I,Wildtype,NLF,IgA,5.13263033,34.52065521228842
DEI10I,Wildtype,Serum,IgA,4.00696734,76.83599357777838
DEI10I,Wildtype,NLF,IgG,3.361753394,34.52065521228842
DEI10I,Wildtype,Serum,IgG,4.235390811000001,76.83599357777838
DEI10L,Wildtype,NLF,IgA,4.515039271000001,21.15508936782394
DEI10L,Wildtype,Serum,IgA,4.413888654,98.28386664683752
DEI10L,Wildtype,NLF,IgG,3.4405055450000006,21.15508936782394
DEI10L,Wildtype,Serum,IgG,4.879961679000001,98.28386664683752
DEI10M,Wildtype,NLF,IgA,4.5946351540000006,20.77540131297404
DEI10M,Wildtype,Serum,IgA,4.09779035,91.767051817859
DEI10M,Wildtype,NLF,IgG,2.837265346,20.77540131297404
DEI10M,Wildtype,Serum,IgG,4.4021218730000005,91.767051817859
DEI10Q,Wildtype,NLF,IgA,5.362170386,55.37150561850333
DEI10Q,Wildtype,Serum,IgA,3.771747522,36.89222658458696
DEI10Q,Wildtype,NLF,IgG,3.0528399710000005,55.37150561850333
DEI10Q,Wildtype,Serum,IgG,4.099694043,36.89222658458696
DEI10S,Wildtype,NLF,IgA,5.27330121,50.47688545974624
DEI10S,Wildtype,Serum,IgA,3.966913322,41.10361633842747
DEI10S,Wildtype,NLF,IgG,2.809075074,50.47688545974624
DEI10S,Wildtype,Serum,IgG,4.145354156000001,41.10361633842747
DEI10V,Wildtype,NLF,IgA,4.307372514,16.27205615295976
DEI10V,Wildtype,Serum,IgA,4.318977005,71.19611348352915
DEI10V,Wildtype,NLF,IgG,2.643740899,16.27205615295976
DEI10V,Wildtype,Serum,IgG,4.357702526,71.19611348352915
DEI10W,Wildtype,NLF,IgA,4.565408732,20.51327188315361
DEI10W,Wildtype,Serum,IgA,4.316532425,55.19731537377471
DEI10W,Wildtype,NLF,IgG,3.247078209,20.51327188315361
DEI10W,Wildtype,Serum,IgG,4.297897604,55.19731537377471
DEI10X,Wildtype,NLF,IgA,3.825706092,11.2164282614172
DEI10X,Wildtype,Serum,IgA,3.256586618,68.79769496066035
DEI10X,Wildtype,NLF,IgG,2.7844552450000006,11.2164282614172
DEI10X,Wildtype,Serum,IgG,4.503237675000001,68.79769496066035
DEI10Y,Wildtype,NLF,IgA,4.833796734,32.12011213595524
DEI10Y,Wildtype,Serum,IgA,3.833005943,61.07261622572066
DEI10Y,Wildtype,NLF,IgG,3.3322796950000004,32.12011213595524
DEI10Y,Wildtype,Serum,IgG,4.454989302,61.07261622572066
DEI113,Wildtype,NLF,IgA,5.13239989,34.97891233262944
DEI113,Wildtype,Serum,IgA,4.013691278,96.9721826246924
DEI113,Wildtype,NLF,IgG,3.126491402,34.97891233262944
DEI113,Wildtype,Serum,IgG,5.094809647,96.9721826246924
DEI11B,Wildtype,NLF,IgA,3.83895286,22.69015460389697
DEI11B,Wildtype,Serum,IgA,3.4774708280000004,1
DEI11B,Wildtype,NLF,IgG,2.736412433,22.69015460389697
DEI11B,Wildtype,Serum,IgG,3.4320677630000005,1
DEI11H,Wildtype,NLF,IgA,5.309366351000001,63.56396202465005
DEI11H,Wildtype,Serum,IgA,4.277539527000001,91.45760498212138
DEI11H,Wildtype,NLF,IgG,3.500473494,63.56396202465005
DEI11H,Wildtype,Serum,IgG,4.668308760000001,91.45760498212138
DEI11K,Wildtype,NLF,IgA,5.282969673,60.79726591519307
DEI11K,Wildtype,Serum,IgA,3.2875481200000003,31.90468985179463
DEI11K,Wildtype,NLF,IgG,3.77160155136188,60.79726591519307
DEI11K,Wildtype,Serum,IgG,4.188913130658521,31.90468985179463
DEI11N,Wildtype,NLF,IgA,5.127417489145965,41.58028814937439
DEI11N,Wildtype,Serum,IgA,3.332024855465769,4.46368132261944
DEI11N,Wildtype,NLF,IgG,2.3571414216495024,41.58028814937439
DEI11N,Wildtype,Serum,IgG,3.6458699339295983,4.46368132261944
DEI11Q,Wildtype,NLF,IgA,5.454016377671571,82.20695161828104
DEI11Q,Wildtype,Serum,IgA,3.922814126131918,82.17059943138831
DEI11Q,Wildtype,NLF,IgG,3.83892561867706,82.20695161828104
DEI11Q,Wildtype,Serum,IgG,4.369171545741308,82.17059943138831
DEI11S,Wildtype,NLF,IgA,4.3028177239143215,33.38461448468293
DEI11S,Wildtype,Serum,IgA,4.022476059415131,86.33372886620106
DEI11S,Wildtype,NLF,IgG,3.026983313010703,33.38461448468293
DEI11S,Wildtype,Serum,IgG,4.4141403037795435,86.33372886620106
DEI11U,Wildtype,NLF,IgA,4.411551528268861,22.15959942206337
DEI11U,Wildtype,Serum,IgA,3.6965308380038895,25.82245617947104
DEI11U,Wildtype,NLF,IgG,2.4700696043265764,22.15959942206337
DEI11U,Wildtype,Serum,IgG,3.920952335031303,25.82245617947104
DEI11V,Wildtype,NLF,IgA,5.128089480131449,43.63728627166531
DEI11V,Wildtype,Serum,IgA,4.242380903258387,32.08849317904897
DEI11V,Wildtype,NLF,IgG,2.475671713373966,43.63728627166531
DEI11V,Wildtype,Serum,IgG,3.7563776926373458,32.08849317904897
DEI11Y,Wildtype,NLF,IgA,4.951177724280535,40.55222780530321
DEI11Y,Wildtype,Serum,IgA,3.792129640356249,83.48429946881795
DEI11Y,Wildtype,NLF,IgG,2.835917984421104,40.55222780530321
DEI11Y,Wildtype,Serum,IgG,4.484521088255789,83.48429946881795
DEI11Z,Wildtype,NLF,IgA,4.612757367052363,25.55775564043918
DEI11Z,Wildtype,Serum,IgA,4.091160799070385,79.37181947773733
DEI11Z,Wildtype,NLF,IgG,3.2920659562784627,25.55775564043918
DEI11Z,Wildtype,Serum,IgG,4.438577603182579,79.37181947773733
DEI13M,Wildtype,NLF,IgA,4.42994214545034,32.79819599539054
DEI13M,Wildtype,Serum,IgA,3.308242282854299,89.13043824510827
DEI13M,Wildtype,NLF,IgG,3.471252641125695,32.79819599539054
DEI13M,Wildtype,Serum,IgG,4.597269118157179,89.13043824510827
DEI13V,Wildtype,NLF,IgA,4.008076969640818,0.764201355430083
DEI13V,Wildtype,Serum,IgA,3.961151007773495,74.173721221002
DEI13V,Wildtype,NLF,IgG,2.4595902838089314,0.764201355430083
DEI13V,Wildtype,Serum,IgG,4.476707878277311,74.173721221002
DEI13W,Wildtype,NLF,IgA,4.996198773592152,89.67932706650366
DEI13W,Wildtype,Serum,IgA,4.5616646658252265,79.93883840756875
DEI13W,Wildtype,NLF,IgG,2.5435825767805,89.67932706650366
DEI13W,Wildtype,Serum,IgG,4.212996680765504,79.93883840756875
DEI141,Wildtype,NLF,IgA,5.355243769591987,59.09738868669815
DEI141,Wildtype,Serum,IgA,3.528257430557227,58.47175656412013
DEI141,Wildtype,NLF,IgG,3.3354392973349203,59.09738868669815
DEI141,Wildtype,Serum,IgG,4.158981471254034,58.47175656412013
DEI143,Wildtype,NLF,IgA,5.0806178256675585,53.43018256479851
DEI143,Wildtype,Serum,IgA,4.2608966455956745,99.07620511431962
DEI143,Wildtype,NLF,IgG,3.480037686398358,53.43018256479851
DEI143,Wildtype,Serum,IgG,4.752202508265869,99.07620511431962
DEI14B,Wildtype,NLF,IgA,5.503506075310537,93.1293551752423
DEI14B,Wildtype,Serum,IgA,4.227063907627211,88.14723379177983
DEI14B,Wildtype,NLF,IgG,3.5687127051662952,93.1293551752423
DEI14B,Wildtype,Serum,IgG,4.73899753578717,88.14723379177983
