Sample_ID,Antigens,Compartment,Log10_Value,HIV_Status
DEI101,Nucleocapsid,NLF,0.44,HIV-
DEI101,Nucleocapsid,Serum,3.33,HIV-
DEI101,Nucleocapsid,BAL,1.52,HIV-
DEI102,Nucleocapsid,NLF,0.87,HIV-
DEI102,Nucleocapsid,Serum,1.84,HIV-
DEI102,Nucleocapsid,BAL,1.8,HIV-
DEI103,Nucleocapsid,NLF,1,HIV-
DEI103,Nucleocapsid,Serum,1.82,HIV-
DEI103,Nucleocapsid,BAL,1.51,HIV-
DEI104,Nucleocapsid,NLF,1,HIV-
DEI104,Nucleocapsid,Serum,3.33,HIV-
DEI104,Nucleocapsid,BAL,1.64,HIV-
DEI105,Nucleocapsid,NLF,0.64,HIV-
DEI105,Nucleocapsid,Serum,2.97,HIV-
DEI105,Nucleocapsid,BAL,1.75,HIV-
DEI106,Nucleocapsid,NLF,1.37,HIV-
DEI106,Nucleocapsid,Serum,2.1,HIV-
DEI106,Nucleocapsid,BAL,1.03,HIV-
DEI107,Nucleocapsid,NLF,1.08,HIV-
DEI107,Nucleocapsid,Serum,3.15,HIV-
DEI107,Nucleocapsid,BAL,1.64,HIV-
DEI108,Nucleocapsid,NLF,1,HIV-
DEI108,Nucleocapsid,Serum,2.82,HIV-
DEI108,Nucleocapsid,BAL,1.79,HIV-
DEI109,Nucleocapsid,NLF,1,HIV-
DEI109,Nucleocapsid,Serum,2.09,HIV-
DEI109,Nucleocapsid,BAL,1.36,HIV-
DEI10A,Nucleocapsid,NLF,0.69,HIV-
DEI10A,Nucleocapsid,Serum,2.24,HIV-
DEI10A,Nucleocapsid,BAL,1.08,HIV-
DEI10B,Nucleocapsid,NLF,2.37,HIV-
DEI10B,Nucleocapsid,Serum,3.55,HIV-
DEI10B,Nucleocapsid,BAL,2.2,HIV-
DEI10C,Nucleocapsid,NLF,1.32,HIV-
DEI10C,Nucleocapsid,Serum,3.78,HIV-
DEI10C,Nucleocapsid,BAL,2.78,HIV-
DEI10D,Nucleocapsid,NLF,1,HIV-
DEI10D,Nucleocapsid,Serum,2.67,HIV-
DEI10D,Nucleocapsid,BAL,1.11,HIV-
DEI10E,Nucleocapsid,NLF,0.4,HIV-
DEI10E,Nucleocapsid,Serum,1.86,HIV-
DEI10E,Nucleocapsid,BAL,0.99,HIV-
DEI10F,Nucleocapsid,NLF,1.57,HIV-
DEI10F,Nucleocapsid,Serum,2.09,HIV-
DEI10F,Nucleocapsid,BAL,1.23,HIV-
DEI10G,Nucleocapsid,NLF,0.74,HIV-
DEI10G,Nucleocapsid,Serum,1.63,HIV-
DEI10G,Nucleocapsid,BAL,0.8,HIV-
DEI10H,Nucleocapsid,NLF,1.36,HIV-
DEI10H,Nucleocapsid,Serum,2.76,HIV-
DEI10H,Nucleocapsid,BAL,1.7,HIV-
DEI10I,Nucleocapsid,NLF,0.73,HIV-
DEI10I,Nucleocapsid,Serum,2.41,HIV-
DEI10I,Nucleocapsid,BAL,2.08,HIV-
DEI10J,Nucleocapsid,NLF,1.42,HIV+
DEI10J,Nucleocapsid,Serum,2.15,HIV+
DEI10J,Nucleocapsid,BAL,1,HIV+
DEI10K,Nucleocapsid,NLF,0.74,HIV+
DEI10K,Nucleocapsid,Serum,2.48,HIV+
DEI10K,Nucleocapsid,BAL,1.63,HIV+
DEI10L,Nucleocapsid,NLF,0.96,HIV-
DEI10L,Nucleocapsid,Serum,3.27,HIV-
DEI10L,Nucleocapsid,BAL,2.41,HIV-
DEI10M,Nucleocapsid,NLF,2.16,HIV-
DEI10M,Nucleocapsid,Serum,3.04,HIV-
DEI10M,Nucleocapsid,BAL,1.87,HIV-
DEI10N,Nucleocapsid,NLF,1.26,HIV+
DEI10N,Nucleocapsid,Serum,1.75,HIV+
DEI10N,Nucleocapsid,BAL,1.49,HIV+
DEI10P,Nucleocapsid,NLF,0.22,HIV+
DEI10P,Nucleocapsid,Serum,2.49,HIV+
DEI10P,Nucleocapsid,BAL,1.52,HIV+
DEI10Q,Nucleocapsid,NLF,1.85,HIV-
DEI10Q,Nucleocapsid,Serum,3,HIV-
DEI10Q,Nucleocapsid,BAL,0.92,HIV-
DEI10R,Nucleocapsid,NLF,1.27,HIV+
DEI10R,Nucleocapsid,Serum,2.65,HIV+
DEI10R,Nucleocapsid,BAL,1.71,HIV+
DEI10S,Nucleocapsid,NLF,0.22,HIV-
DEI10S,Nucleocapsid,Serum,1.52,HIV-
DEI10S,Nucleocapsid,BAL,0.07,HIV-
DEI10V,Nucleocapsid,NLF,0.47,HIV-
DEI10V,Nucleocapsid,Serum,2.04,HIV-
DEI10V,Nucleocapsid,BAL,1.12,HIV-
DEI10W,Nucleocapsid,NLF,1.43,HIV-
DEI10W,Nucleocapsid,Serum,2.54,HIV-
DEI10W,Nucleocapsid,BAL,1.35,HIV-
DEI10X,Nucleocapsid,NLF,0.93,HIV-
DEI10X,Nucleocapsid,Serum,2.82,HIV-
DEI10X,Nucleocapsid,BAL,1.66,HIV-
DEI10Y,Nucleocapsid,NLF,1.58,HIV-
DEI10Y,Nucleocapsid,Serum,2.82,HIV-
DEI10Y,Nucleocapsid,BAL,1.6,HIV-
DEI10Z,Nucleocapsid,NLF,0.85,HIV+
DEI10Z,Nucleocapsid,Serum,2.12,HIV+
DEI10Z,Nucleocapsid,BAL,1.41,HIV+
DEI110,Nucleocapsid,NLF,1.88,HIV+
DEI110,Nucleocapsid,Serum,2.11,HIV+
DEI110,Nucleocapsid,BAL,1.08,HIV+
DEI111,Nucleocapsid,NLF,0.52,HIV+
DEI111,Nucleocapsid,Serum,1.99,HIV+
DEI111,Nucleocapsid,BAL,0.23,HIV+
DEI112,Nucleocapsid,NLF,2.73,HIV+
DEI112,Nucleocapsid,Serum,3.77,HIV+
DEI112,Nucleocapsid,BAL,2.15,HIV+
DEI113,Nucleocapsid,NLF,1.8,HIV-
DEI113,Nucleocapsid,Serum,4.01,HIV-
DEI113,Nucleocapsid,BAL,2.75,HIV-
DEI114,Nucleocapsid,NLF,0.59,HIV+
DEI114,Nucleocapsid,Serum,1.76,HIV+
DEI114,Nucleocapsid,BAL,1.18,HIV+
DEI115,Nucleocapsid,NLF,0.69,HIV+
DEI115,Nucleocapsid,Serum,2.68,HIV+
DEI115,Nucleocapsid,BAL,1.72,HIV+
DEI116,Nucleocapsid,NLF,1.4,HIV+
DEI116,Nucleocapsid,Serum,2.63,HIV+
DEI116,Nucleocapsid,BAL,1.47,HIV+
DEI117,Nucleocapsid,NLF,1.7,HIV+
DEI117,Nucleocapsid,Serum,2.78,HIV+
DEI117,Nucleocapsid,BAL,0.03,HIV+
DEI118,Nucleocapsid,NLF,1.23,HIV+
DEI118,Nucleocapsid,Serum,2.75,HIV+
DEI118,Nucleocapsid,BAL,1.97,HIV+
DEI119,Nucleocapsid,NLF,1.37,HIV+
DEI119,Nucleocapsid,Serum,2.58,HIV+
DEI119,Nucleocapsid,BAL,1.34,HIV+
DEI11A,Nucleocapsid,NLF,1.39,HIV+
DEI11A,Nucleocapsid,Serum,2.97,HIV+
DEI11A,Nucleocapsid,BAL,2.34,HIV+
DEI11B,Nucleocapsid,NLF,0.84,HIV-
DEI11B,Nucleocapsid,Serum,1.43,HIV-
DEI11B,Nucleocapsid,BAL,0.07,HIV-
DEI11E,Nucleocapsid,NLF,0.38,HIV+
DEI11E,Nucleocapsid,Serum,2.49,HIV+
DEI11E,Nucleocapsid,BAL,1.22,HIV+
DEI11F,Nucleocapsid,NLF,0.75,HIV+
DEI11F,Nucleocapsid,Serum,2.93,HIV+
DEI11F,Nucleocapsid,BAL,0.76,HIV+
DEI11G,Nucleocapsid,NLF,1,HIV+
DEI11G,Nucleocapsid,Serum,1.47,HIV+
DEI11G,Nucleocapsid,BAL,0.52,HIV+
DEI11H,Nucleocapsid,NLF,2.18,HIV-
DEI11H,Nucleocapsid,Serum,2.93,HIV-
DEI11H,Nucleocapsid,BAL,1,HIV-
DEI11I,Nucleocapsid,NLF,1.94,HIV+
DEI11I,Nucleocapsid,Serum,3.25,HIV+
DEI11I,Nucleocapsid,BAL,1.66,HIV+
DEI11J,Nucleocapsid,NLF,1,HIV+
DEI11J,Nucleocapsid,Serum,2.89,HIV+
DEI11J,Nucleocapsid,BAL,1.44,HIV+
DEI11K,Nucleocapsid,NLF,2.08,HIV-
DEI11K,Nucleocapsid,Serum,2.55,HIV-
DEI11K,Nucleocapsid,BAL,1.12,HIV-
DEI11L,Nucleocapsid,NLF,1,HIV+
DEI11L,Nucleocapsid,Serum,1.8,HIV+
DEI11L,Nucleocapsid,BAL,1,HIV+
DEI11M,Nucleocapsid,NLF,1.18,HIV+
DEI11M,Nucleocapsid,Serum,2.35,HIV+
DEI11M,Nucleocapsid,BAL,1.27,HIV+
DEI11N,Nucleocapsid,NLF,1.59,HIV-
DEI11N,Nucleocapsid,Serum,2.93,HIV-
DEI11N,Nucleocapsid,BAL,2.13,HIV-
DEI11P,Nucleocapsid,NLF,1.98,HIV+
DEI11P,Nucleocapsid,Serum,2.98,HIV+
DEI11P,Nucleocapsid,BAL,2.3,HIV+
DEI11Q,Nucleocapsid,NLF,2.15,HIV-
DEI11Q,Nucleocapsid,Serum,2.03,HIV-
DEI11Q,Nucleocapsid,BAL,0.78,HIV-
DEI11R,Nucleocapsid,NLF,0.65,HIV+
DEI11R,Nucleocapsid,Serum,1.47,HIV+
DEI11R,Nucleocapsid,BAL,1.61,HIV+
DEI11S,Nucleocapsid,NLF,1.26,HIV-
DEI11S,Nucleocapsid,Serum,2.38,HIV-
DEI11S,Nucleocapsid,BAL,1.3,HIV-
DEI11T,Nucleocapsid,NLF,0.85,HIV+
DEI11T,Nucleocapsid,Serum,2.1,HIV+
DEI11T,Nucleocapsid,BAL,2.1,HIV+
DEI11U,Nucleocapsid,NLF,1.91,HIV-
DEI11U,Nucleocapsid,Serum,3.58,HIV-
DEI11U,Nucleocapsid,BAL,2.43,HIV-
DEI11V,Nucleocapsid,NLF,0.87,HIV-
DEI11V,Nucleocapsid,Serum,2.45,HIV-
DEI11V,Nucleocapsid,BAL,1.26,HIV-
DEI11X,Nucleocapsid,NLF,2.21,HIV+
DEI11X,Nucleocapsid,Serum,2.32,HIV+
DEI11X,Nucleocapsid,BAL,1.19,HIV+
DEI11Y,Nucleocapsid,NLF,1.07,HIV-
DEI11Y,Nucleocapsid,Serum,2.76,HIV-
DEI11Y,Nucleocapsid,BAL,1.43,HIV-
DEI11Z,Nucleocapsid,NLF,1.44,HIV-
DEI11Z,Nucleocapsid,Serum,2.7,HIV-
DEI11Z,Nucleocapsid,BAL,1.56,HIV-
DEI120,Nucleocapsid,NLF,2.38,HIV+
DEI120,Nucleocapsid,Serum,2.88,HIV+
DEI120,Nucleocapsid,BAL,2.17,HIV+
DEI121,Nucleocapsid,NLF,1.15,HIV+
DEI121,Nucleocapsid,Serum,2.4,HIV+
DEI121,Nucleocapsid,BAL,0.76,HIV+
DEI122,Nucleocapsid,NLF,1,HIV+
DEI122,Nucleocapsid,Serum,1.56,HIV+
DEI122,Nucleocapsid,BAL,1.39,HIV+
DEI123,Nucleocapsid,NLF,0.66,HIV+
DEI123,Nucleocapsid,Serum,1.77,HIV+
DEI123,Nucleocapsid,BAL,0.62,HIV+
DEI124,Nucleocapsid,NLF,1.53,HIV+
DEI124,Nucleocapsid,Serum,2.38,HIV+
DEI124,Nucleocapsid,BAL,0.67,HIV+
DEI125,Nucleocapsid,NLF,1,HIV+
DEI125,Nucleocapsid,Serum,0.43,HIV+
DEI125,Nucleocapsid,BAL,0.65,HIV+
DEI13M,Nucleocapsid,NLF,1.82,HIV-
DEI13M,Nucleocapsid,Serum,2.94,HIV-
DEI13M,Nucleocapsid,BAL,1.68,HIV-
DEI13V,Nucleocapsid,NLF,1,HIV-
DEI13V,Nucleocapsid,Serum,1.72,HIV-
DEI13V,Nucleocapsid,BAL,0.88,HIV-
DEI13W,Nucleocapsid,NLF,0.52,HIV-
DEI13W,Nucleocapsid,Serum,1.94,HIV-
DEI13W,Nucleocapsid,BAL,0.38,HIV-
DEI13X,Nucleocapsid,NLF,2.65,HIV+
DEI13X,Nucleocapsid,Serum,2.03,HIV+
DEI13X,Nucleocapsid,BAL,1.14,HIV+
DEI13Y,Nucleocapsid,NLF,0.9,HIV+
DEI13Y,Nucleocapsid,Serum,1.84,HIV+
DEI13Y,Nucleocapsid,BAL,0.89,HIV+
DEI140,Nucleocapsid,NLF,0.65,HIV+
DEI140,Nucleocapsid,Serum,2.36,HIV+
DEI140,Nucleocapsid,BAL,0.82,HIV+
DEI141,Nucleocapsid,NLF,1.27,HIV-
DEI141,Nucleocapsid,Serum,2.16,HIV-
DEI141,Nucleocapsid,BAL,0.68,HIV-
DEI142,Nucleocapsid,NLF,2.73,HIV+
DEI142,Nucleocapsid,Serum,3.1,HIV+
DEI142,Nucleocapsid,BAL,1.74,HIV+
DEI143,Nucleocapsid,NLF,1.94,HIV-
DEI143,Nucleocapsid,Serum,2.11,HIV-
DEI143,Nucleocapsid,BAL,0.91,HIV-
DEI144,Nucleocapsid,NLF,1.57,HIV+
DEI144,Nucleocapsid,Serum,3.17,HIV+
DEI144,Nucleocapsid,BAL,1.84,HIV+
DEI146,Nucleocapsid,NLF,0.61,HIV+
DEI146,Nucleocapsid,Serum,2.15,HIV+
DEI146,Nucleocapsid,BAL,1,HIV+
DEI147,Nucleocapsid,NLF,1.16,HIV+
DEI147,Nucleocapsid,Serum,2.14,HIV+
DEI147,Nucleocapsid,BAL,0.78,HIV+
DEI148,Nucleocapsid,NLF,1.85,HIV+
DEI148,Nucleocapsid,Serum,3.21,HIV+
DEI148,Nucleocapsid,BAL,1.9,HIV+
DEI149,Nucleocapsid,NLF,2.01,HIV+
DEI149,Nucleocapsid,Serum,2.72,HIV+
DEI149,Nucleocapsid,BAL,1.49,HIV+
DEI14A,Nucleocapsid,NLF,1.73,HIV+
DEI14A,Nucleocapsid,Serum,2.98,HIV+
DEI14A,Nucleocapsid,BAL,1.06,HIV+
DEI14B,Nucleocapsid,NLF,1.26,HIV-
DEI14B,Nucleocapsid,Serum,2.56,HIV-
DEI14B,Nucleocapsid,BAL,1.2,HIV-
DEI14G,Nucleocapsid,NLF,1.15,HIV+
DEI14G,Nucleocapsid,Serum,1.88,HIV+
DEI14G,Nucleocapsid,BAL,1,HIV+
DEI101,RBD,NLF,0.81,HIV-
DEI101,RBD,Serum,3.89,HIV-
DEI101,RBD,BAL,2.9,HIV-
DEI102,RBD,NLF,1.42,HIV-
DEI102,RBD,Serum,2.16,HIV-
DEI102,RBD,BAL,2.42,HIV-
DEI103,RBD,NLF,1,HIV-
DEI103,RBD,Serum,2.9,HIV-
DEI103,RBD,BAL,1.85,HIV-
DEI104,RBD,NLF,2.58,HIV-
DEI104,RBD,Serum,4.21,HIV-
DEI104,RBD,BAL,2.7,HIV-
DEI105,RBD,NLF,2.11,HIV-
DEI105,RBD,Serum,3.89,HIV-
DEI105,RBD,BAL,2.95,HIV-
DEI106,RBD,NLF,2,HIV-
DEI106,RBD,Serum,3.52,HIV-
DEI106,RBD,BAL,2.34,HIV-
DEI107,RBD,NLF,2.83,HIV-
DEI107,RBD,Serum,4.17,HIV-
DEI107,RBD,BAL,2.7,HIV-
DEI108,RBD,NLF,1.66,HIV-
DEI108,RBD,Serum,3.7,HIV-
DEI108,RBD,BAL,2.65,HIV-
DEI109,RBD,NLF,1.81,HIV-
DEI109,RBD,Serum,3.49,HIV-
DEI109,RBD,BAL,2.42,HIV-
DEI10A,RBD,NLF,1.95,HIV-
DEI10A,RBD,Serum,3.53,HIV-
DEI10A,RBD,BAL,2.12,HIV-
DEI10B,RBD,NLF,2.42,HIV-
DEI10B,RBD,Serum,3.66,HIV-
DEI10B,RBD,BAL,2.29,HIV-
DEI10C,RBD,NLF,1.46,HIV-
DEI10C,RBD,Serum,3.73,HIV-
DEI10C,RBD,BAL,2.7,HIV-
DEI10D,RBD,NLF,0.74,HIV-
DEI10D,RBD,Serum,3.89,HIV-
DEI10D,RBD,BAL,2.21,HIV-
DEI10E,RBD,NLF,2.67,HIV-
DEI10E,RBD,Serum,3.13,HIV-
DEI10E,RBD,BAL,2.37,HIV-
DEI10F,RBD,NLF,3.11,HIV-
DEI10F,RBD,Serum,2.55,HIV-
DEI10F,RBD,BAL,1.71,HIV-
DEI10G,RBD,NLF,3.72,HIV-
DEI10G,RBD,Serum,3.36,HIV-
DEI10G,RBD,BAL,2.5,HIV-
DEI10H,RBD,NLF,3.3,HIV-
DEI10H,RBD,Serum,3.17,HIV-
DEI10H,RBD,BAL,2.23,HIV-
DEI10I,RBD,NLF,2.58,HIV-
DEI10I,RBD,Serum,3.5,HIV-
DEI10I,RBD,BAL,3.2,HIV-
DEI10J,RBD,NLF,2.11,HIV+
DEI10J,RBD,Serum,3.59,HIV+
DEI10J,RBD,BAL,2.46,HIV+
DEI10K,RBD,NLF,2,HIV+
DEI10K,RBD,Serum,3.34,HIV+
DEI10K,RBD,BAL,2.4,HIV+
DEI10L,RBD,NLF,2.84,HIV-
DEI10L,RBD,Serum,4.19,HIV-
DEI10L,RBD,BAL,3.29,HIV-
DEI10M,RBD,NLF,1.66,HIV-
DEI10M,RBD,Serum,3.72,HIV-
DEI10M,RBD,BAL,2.65,HIV-
DEI10N,RBD,NLF,0.76,HIV+
DEI10N,RBD,Serum,3.67,HIV+
DEI10N,RBD,BAL,2.91,HIV+
DEI10P,RBD,NLF,1.46,HIV+
DEI10P,RBD,Serum,4.1,HIV+
DEI10P,RBD,BAL,2.9,HIV+
DEI10Q,RBD,NLF,2.25,HIV-
DEI10Q,RBD,Serum,3.29,HIV-
DEI10Q,RBD,BAL,1.35,HIV-
DEI10R,RBD,NLF,2.64,HIV+
DEI10R,RBD,Serum,4.04,HIV+
DEI10R,RBD,BAL,3.03,HIV+
DEI10S,RBD,NLF,1.96,HIV-
DEI10S,RBD,Serum,3.32,HIV-
DEI10S,RBD,BAL,1.6,HIV-
DEI10V,RBD,NLF,1.8,HIV-
DEI10V,RBD,Serum,3.56,HIV-
DEI10V,RBD,BAL,2.59,HIV-
DEI10W,RBD,NLF,2.43,HIV-
DEI10W,RBD,Serum,3.5,HIV-
DEI10W,RBD,BAL,2.31,HIV-
DEI10X,RBD,NLF,1.8,HIV-
DEI10X,RBD,Serum,3.51,HIV-
DEI10X,RBD,BAL,2.44,HIV-
DEI10Y,RBD,NLF,2.51,HIV-
DEI10Y,RBD,Serum,3.64,HIV-
DEI10Y,RBD,BAL,2.39,HIV-
DEI10Z,RBD,NLF,1.8,HIV+
DEI10Z,RBD,Serum,3.18,HIV+
DEI10Z,RBD,BAL,2.49,HIV+
DEI110,RBD,NLF,2.52,HIV+
DEI110,RBD,Serum,2.98,HIV+
DEI110,RBD,BAL,1.86,HIV+
DEI111,RBD,NLF,2.02,HIV+
DEI111,RBD,Serum,3.75,HIV+
DEI111,RBD,BAL,1.48,HIV+
DEI112,RBD,NLF,3.21,HIV+
DEI112,RBD,Serum,4.68,HIV+
DEI112,RBD,BAL,2.98,HIV+
DEI113,RBD,NLF,2.15,HIV-
DEI113,RBD,Serum,4.11,HIV-
DEI113,RBD,BAL,2.85,HIV-
DEI114,RBD,NLF,2.58,HIV+
DEI114,RBD,Serum,3.74,HIV+
DEI114,RBD,BAL,3.14,HIV+
DEI115,RBD,NLF,1.08,HIV+
DEI115,RBD,Serum,3.31,HIV+
DEI115,RBD,BAL,2.26,HIV+
DEI116,RBD,NLF,2.19,HIV+
DEI116,RBD,Serum,3.22,HIV+
DEI116,RBD,BAL,2.1,HIV+
DEI117,RBD,NLF,3.12,HIV+
DEI117,RBD,Serum,4.2,HIV+
DEI117,RBD,BAL,1,HIV+
DEI118,RBD,NLF,2.67,HIV+
DEI118,RBD,Serum,4.13,HIV+
DEI118,RBD,BAL,3.35,HIV+
DEI119,RBD,NLF,2.16,HIV+
DEI119,RBD,Serum,3.63,HIV+
DEI119,RBD,BAL,2.41,HIV+
DEI11A,RBD,NLF,1.59,HIV+
DEI11A,RBD,Serum,3.91,HIV+
DEI11A,RBD,BAL,3.29,HIV+
DEI11B,RBD,NLF,1.49,HIV-
DEI11B,RBD,Serum,2.22,HIV-
DEI11B,RBD,BAL,0.91,HIV-
DEI11E,RBD,NLF,1.05,HIV+
DEI11E,RBD,Serum,3.41,HIV+
DEI11E,RBD,BAL,2.04,HIV+
DEI11F,RBD,NLF,1.99,HIV+
DEI11F,RBD,Serum,4.18,HIV+
DEI11F,RBD,BAL,2.04,HIV+
DEI11G,RBD,NLF,1.83,HIV+
DEI11G,RBD,Serum,3.38,HIV+
DEI11G,RBD,BAL,2.07,HIV+
DEI11H,RBD,NLF,2.61,HIV-
DEI11H,RBD,Serum,3.78,HIV-
DEI11H,RBD,BAL,1,HIV-
DEI11I,RBD,NLF,2.2,HIV+
DEI11I,RBD,Serum,3.57,HIV+
DEI11I,RBD,BAL,2.07,HIV+
DEI11J,RBD,NLF,0.04,HIV+
DEI11J,RBD,Serum,3.96,HIV+
DEI11J,RBD,BAL,2.52,HIV+
DEI11K,RBD,NLF,3.13,HIV-
DEI11K,RBD,Serum,3.55,HIV-
DEI11K,RBD,BAL,2.12,HIV-
DEI11L,RBD,NLF,1,HIV+
DEI11L,RBD,Serum,2.37,HIV+
DEI11L,RBD,BAL,0.55,HIV+
DEI11M,RBD,NLF,2.14,HIV+
DEI11M,RBD,Serum,3.25,HIV+
DEI11M,RBD,BAL,2.18,HIV+
DEI11N,RBD,NLF,1.51,HIV-
DEI11N,RBD,Serum,2.72,HIV-
DEI11N,RBD,BAL,2.15,HIV-
DEI11P,RBD,NLF,2.64,HIV+
DEI11P,RBD,Serum,3.77,HIV+
DEI11P,RBD,BAL,3.12,HIV+
DEI11Q,RBD,NLF,3.31,HIV-
DEI11Q,RBD,Serum,3.59,HIV-
DEI11Q,RBD,BAL,2.27,HIV-
DEI11R,RBD,NLF,2.04,HIV+
DEI11R,RBD,Serum,3.01,HIV+
DEI11R,RBD,BAL,1.86,HIV+
DEI11S,RBD,NLF,2.33,HIV-
DEI11S,RBD,Serum,3.8,HIV-
DEI11S,RBD,BAL,2.82,HIV-
DEI11T,RBD,NLF,1.5,HIV+
DEI11T,RBD,Serum,2.87,HIV+
DEI11T,RBD,BAL,2.08,HIV+
DEI11U,RBD,NLF,1.59,HIV-
DEI11U,RBD,Serum,3.08,HIV-
DEI11U,RBD,BAL,1.77,HIV-
DEI11V,RBD,NLF,1.3,HIV-
DEI11V,RBD,Serum,2.73,HIV-
DEI11V,RBD,BAL,1.59,HIV-
DEI11X,RBD,NLF,3.29,HIV+
DEI11X,RBD,Serum,3.89,HIV+
DEI11X,RBD,BAL,2.76,HIV+
DEI11Y,RBD,NLF,1.97,HIV-
DEI11Y,RBD,Serum,3.62,HIV-
DEI11Y,RBD,BAL,2.48,HIV-
DEI11Z,RBD,NLF,2.48,HIV-
DEI11Z,RBD,Serum,3.7,HIV-
DEI11Z,RBD,BAL,2.57,HIV-
DEI120,RBD,NLF,3.41,HIV+
DEI120,RBD,Serum,3.55,HIV+
DEI120,RBD,BAL,2.84,HIV+
DEI121,RBD,NLF,2.19,HIV+
DEI121,RBD,Serum,3.44,HIV+
DEI121,RBD,BAL,1.74,HIV+
DEI122,RBD,NLF,1.21,HIV+
DEI122,RBD,Serum,2.97,HIV+
DEI122,RBD,BAL,1.51,HIV+
DEI123,RBD,NLF,2.01,HIV+
DEI123,RBD,Serum,3.34,HIV+
DEI123,RBD,BAL,2.09,HIV+
DEI124,RBD,NLF,2.41,HIV+
DEI124,RBD,Serum,3.62,HIV+
DEI124,RBD,BAL,1.56,HIV+
DEI125,RBD,NLF,1.34,HIV+
DEI125,RBD,Serum,2.75,HIV+
DEI125,RBD,BAL,1.63,HIV+
DEI13M,RBD,NLF,2.97,HIV-
DEI13M,RBD,Serum,4.08,HIV-
DEI13M,RBD,BAL,2.74,HIV-
DEI13V,RBD,NLF,1.73,HIV-
DEI13V,RBD,Serum,3.79,HIV-
DEI13V,RBD,BAL,2.92,HIV-
DEI13W,RBD,NLF,1.53,HIV-
DEI13W,RBD,Serum,3.21,HIV-
DEI13W,RBD,BAL,1.61,HIV-
DEI13X,RBD,NLF,3.73,HIV+
DEI13X,RBD,Serum,3.84,HIV+
DEI13X,RBD,BAL,2.97,HIV+
DEI13Y,RBD,NLF,1.96,HIV+
DEI13Y,RBD,Serum,2.85,HIV+
DEI13Y,RBD,BAL,1.95,HIV+
DEI140,RBD,NLF,1.75,HIV+
DEI140,RBD,Serum,3.52,HIV+
DEI140,RBD,BAL,2.17,HIV+
DEI141,RBD,NLF,2.52,HIV-
DEI141,RBD,Serum,3.35,HIV-
DEI141,RBD,BAL,2.12,HIV-
DEI142,RBD,NLF,4.03,HIV+
DEI142,RBD,Serum,4.34,HIV+
DEI142,RBD,BAL,2.95,HIV+
DEI143,RBD,NLF,2.99,HIV-
DEI143,RBD,Serum,3.97,HIV-
DEI143,RBD,BAL,2.6,HIV-
DEI144,RBD,NLF,2.5,HIV+
DEI144,RBD,Serum,4.18,HIV+
DEI144,RBD,BAL,2.77,HIV+
DEI146,RBD,NLF,1.69,HIV+
DEI146,RBD,Serum,3.24,HIV+
DEI146,RBD,BAL,1.06,HIV+
DEI147,RBD,NLF,2.52,HIV+
DEI147,RBD,Serum,3.51,HIV+
DEI147,RBD,BAL,2,HIV+
DEI148,RBD,NLF,2.93,HIV+
DEI148,RBD,Serum,4.29,HIV+
DEI148,RBD,BAL,2.88,HIV+
DEI149,RBD,NLF,3.08,HIV+
DEI149,RBD,Serum,3.78,HIV+
DEI149,RBD,BAL,2.52,HIV+
DEI14A,RBD,NLF,2.71,HIV+
DEI14A,RBD,Serum,4.04,HIV+
DEI14A,RBD,BAL,2.1,HIV+
DEI14B,RBD,NLF,2.3,HIV-
DEI14B,RBD,Serum,3.64,HIV-
DEI14B,RBD,BAL,2.35,HIV-
DEI14G,RBD,NLF,2.43,HIV+
DEI14G,RBD,Serum,3.13,HIV+
DEI14G,RBD,BAL,1.32,HIV+
DEI101,Wildtype,NLF,1.13,HIV-
DEI101,Wildtype,Serum,3.9,HIV-
DEI101,Wildtype,BAL,2.92,HIV-
DEI102,Wildtype,NLF,1.42,HIV-
DEI102,Wildtype,Serum,1.61,HIV-
DEI102,Wildtype,BAL,2.02,HIV-
DEI103,Wildtype,NLF,1.26,HIV-
DEI103,Wildtype,Serum,3.17,HIV-
DEI103,Wildtype,BAL,1.79,HIV-
DEI104,Wildtype,NLF,2.32,HIV-
DEI104,Wildtype,Serum,3.95,HIV-
DEI104,Wildtype,BAL,2.4,HIV-
DEI105,Wildtype,NLF,1.89,HIV-
DEI105,Wildtype,Serum,3.59,HIV-
DEI105,Wildtype,BAL,2.71,HIV-
DEI106,Wildtype,NLF,2.07,HIV-
DEI106,Wildtype,Serum,3.37,HIV-
DEI106,Wildtype,BAL,2.28,HIV-
DEI107,Wildtype,NLF,2.4,HIV-
DEI107,Wildtype,Serum,3.94,HIV-
DEI107,Wildtype,BAL,2.51,HIV-
DEI108,Wildtype,NLF,1.79,HIV-
DEI108,Wildtype,Serum,3.53,HIV-
DEI108,Wildtype,BAL,2.53,HIV-
DEI109,Wildtype,NLF,1.7,HIV-
DEI109,Wildtype,Serum,3.2,HIV-
DEI109,Wildtype,BAL,2.48,HIV-
DEI10A,Wildtype,NLF,1.74,HIV-
DEI10A,Wildtype,Serum,3.31,HIV-
DEI10A,Wildtype,BAL,1.96,HIV-
DEI10B,Wildtype,NLF,2.3,HIV-
DEI10B,Wildtype,Serum,3.52,HIV-
DEI10B,Wildtype,BAL,2.16,HIV-
DEI10C,Wildtype,NLF,1.29,HIV-
DEI10C,Wildtype,Serum,3.56,HIV-
DEI10C,Wildtype,BAL,2.6,HIV-
DEI10D,Wildtype,NLF,0.41,HIV-
DEI10D,Wildtype,Serum,3.61,HIV-
DEI10D,Wildtype,BAL,1.95,HIV-
DEI10E,Wildtype,NLF,2.37,HIV-
DEI10E,Wildtype,Serum,2.93,HIV-
DEI10E,Wildtype,BAL,2.1,HIV-
DEI10F,Wildtype,NLF,1.13,HIV-
DEI10F,Wildtype,Serum,2.42,HIV-
DEI10F,Wildtype,BAL,1.3,HIV-
DEI10G,Wildtype,NLF,1.42,HIV-
DEI10G,Wildtype,Serum,2.96,HIV-
DEI10G,Wildtype,BAL,2.05,HIV-
DEI10H,Wildtype,NLF,1.26,HIV-
DEI10H,Wildtype,Serum,3.06,HIV-
DEI10H,Wildtype,BAL,2.01,HIV-
DEI10I,Wildtype,NLF,2.32,HIV-
DEI10I,Wildtype,Serum,3.19,HIV-
DEI10I,Wildtype,BAL,2.86,HIV-
DEI10J,Wildtype,NLF,1.89,HIV+
DEI10J,Wildtype,Serum,3.36,HIV+
DEI10J,Wildtype,BAL,2.31,HIV+
DEI10K,Wildtype,NLF,2.07,HIV+
DEI10K,Wildtype,Serum,3.05,HIV+
DEI10K,Wildtype,BAL,2.13,HIV+
DEI10L,Wildtype,NLF,2.4,HIV-
DEI10L,Wildtype,Serum,3.83,HIV-
DEI10L,Wildtype,BAL,2.98,HIV-
DEI10M,Wildtype,NLF,1.79,HIV-
DEI10M,Wildtype,Serum,3.36,HIV-
DEI10M,Wildtype,BAL,2.28,HIV-
DEI10N,Wildtype,NLF,0.74,HIV+
DEI10N,Wildtype,Serum,3.38,HIV+
DEI10N,Wildtype,BAL,2.54,HIV+
DEI10P,Wildtype,NLF,1.29,HIV+
DEI10P,Wildtype,Serum,3.9,HIV+
DEI10P,Wildtype,BAL,2.72,HIV+
DEI10Q,Wildtype,NLF,2.01,HIV-
DEI10Q,Wildtype,Serum,3.05,HIV-
DEI10Q,Wildtype,BAL,1.12,HIV-
DEI10R,Wildtype,NLF,2.59,HIV+
DEI10R,Wildtype,Serum,3.89,HIV+
DEI10R,Wildtype,BAL,2.92,HIV+
DEI10S,Wildtype,NLF,1.76,HIV-
DEI10S,Wildtype,Serum,3.1,HIV-
DEI10S,Wildtype,BAL,1.39,HIV-
DEI10V,Wildtype,NLF,1.6,HIV-
DEI10V,Wildtype,Serum,3.31,HIV-
DEI10V,Wildtype,BAL,2.36,HIV-
DEI10W,Wildtype,NLF,2.2,HIV-
DEI10W,Wildtype,Serum,3.25,HIV-
DEI10W,Wildtype,BAL,2.09,HIV-
DEI10X,Wildtype,NLF,1.74,HIV-
DEI10X,Wildtype,Serum,3.46,HIV-
DEI10X,Wildtype,BAL,2.38,HIV-
DEI10Y,Wildtype,NLF,2.29,HIV-
DEI10Y,Wildtype,Serum,3.41,HIV-
DEI10Y,Wildtype,BAL,2.18,HIV-
DEI10Z,Wildtype,NLF,1.95,HIV+
DEI10Z,Wildtype,Serum,3.27,HIV+
DEI10Z,Wildtype,BAL,2.54,HIV+
DEI110,Wildtype,NLF,2.23,HIV+
DEI110,Wildtype,Serum,2.67,HIV+
DEI110,Wildtype,BAL,1.54,HIV+
DEI111,Wildtype,NLF,1.85,HIV+
DEI111,Wildtype,Serum,3.49,HIV+
DEI111,Wildtype,BAL,1.2,HIV+
DEI112,Wildtype,NLF,3.01,HIV+
DEI112,Wildtype,Serum,4.48,HIV+
DEI112,Wildtype,BAL,2.88,HIV+
DEI113,Wildtype,NLF,2.08,HIV-
DEI113,Wildtype,Serum,4.05,HIV-
DEI113,Wildtype,BAL,2.83,HIV-
DEI114,Wildtype,NLF,2.33,HIV+
DEI114,Wildtype,Serum,3.47,HIV+
DEI114,Wildtype,BAL,2.85,HIV+
DEI115,Wildtype,NLF,0.84,HIV+
DEI115,Wildtype,Serum,3.06,HIV+
DEI115,Wildtype,BAL,2.05,HIV+
DEI116,Wildtype,NLF,2.12,HIV+
DEI116,Wildtype,Serum,3.1,HIV+
DEI116,Wildtype,BAL,1.94,HIV+
DEI117,Wildtype,NLF,3.02,HIV+
DEI117,Wildtype,Serum,4.07,HIV+
DEI117,Wildtype,BAL,1,HIV+
DEI118,Wildtype,NLF,2.49,HIV+
DEI118,Wildtype,Serum,3.95,HIV+
DEI118,Wildtype,BAL,3.14,HIV+
DEI119,Wildtype,NLF,1.89,HIV+
DEI119,Wildtype,Serum,3.32,HIV+
DEI119,Wildtype,BAL,2.11,HIV+
DEI11A,Wildtype,NLF,1.51,HIV+
DEI11A,Wildtype,Serum,3.75,HIV+
DEI11A,Wildtype,BAL,3.14,HIV+
DEI11B,Wildtype,NLF,1.69,HIV-
DEI11B,Wildtype,Serum,2.39,HIV-
DEI11B,Wildtype,BAL,1.03,HIV-
DEI11E,Wildtype,NLF,0.95,HIV+
DEI11E,Wildtype,Serum,3.36,HIV+
DEI11E,Wildtype,BAL,1.95,HIV+
DEI11F,Wildtype,NLF,1.71,HIV+
DEI11F,Wildtype,Serum,3.86,HIV+
DEI11F,Wildtype,BAL,1.76,HIV+
DEI11G,Wildtype,NLF,1.83,HIV+
DEI11G,Wildtype,Serum,3.29,HIV+
DEI11G,Wildtype,BAL,2,HIV+
DEI11H,Wildtype,NLF,2.46,HIV-
DEI11H,Wildtype,Serum,3.62,HIV-
DEI11H,Wildtype,BAL,0.02,HIV-
DEI11I,Wildtype,NLF,2.33,HIV+
DEI11I,Wildtype,Serum,3.64,HIV+
DEI11I,Wildtype,BAL,2.14,HIV+
DEI11J,Wildtype,NLF,1,HIV+
DEI11J,Wildtype,Serum,3.77,HIV+
DEI11J,Wildtype,BAL,2.34,HIV+
DEI11K,Wildtype,NLF,2.73,HIV-
DEI11K,Wildtype,Serum,3.14,HIV-
DEI11K,Wildtype,BAL,1.71,HIV-
DEI11L,Wildtype,NLF,1,HIV+
DEI11L,Wildtype,Serum,2.49,HIV+
DEI11L,Wildtype,BAL,0.15,HIV+
DEI11M,Wildtype,NLF,1.87,HIV+
DEI11M,Wildtype,Serum,2.97,HIV+
DEI11M,Wildtype,BAL,1.95,HIV+
DEI11N,Wildtype,NLF,1.31,HIV-
DEI11N,Wildtype,Serum,2.6,HIV-
DEI11N,Wildtype,BAL,2.04,HIV-
DEI11P,Wildtype,NLF,2.42,HIV+
DEI11P,Wildtype,Serum,3.55,HIV+
DEI11P,Wildtype,BAL,2.88,HIV+
DEI11Q,Wildtype,NLF,2.79,HIV-
DEI11Q,Wildtype,Serum,3.32,HIV-
DEI11Q,Wildtype,BAL,2.05,HIV-
DEI11R,Wildtype,NLF,1.85,HIV+
DEI11R,Wildtype,Serum,2.82,HIV+
DEI11R,Wildtype,BAL,1.67,HIV+
DEI11S,Wildtype,NLF,1.98,HIV-
DEI11S,Wildtype,Serum,3.37,HIV-
DEI11S,Wildtype,BAL,2.39,HIV-
DEI11T,Wildtype,NLF,1.23,HIV+
DEI11T,Wildtype,Serum,2.64,HIV+
DEI11T,Wildtype,BAL,1.84,HIV+
DEI11U,Wildtype,NLF,1.42,HIV-
DEI11U,Wildtype,Serum,2.88,HIV-
DEI11U,Wildtype,BAL,1.64,HIV-
DEI11V,Wildtype,NLF,1.43,HIV-
DEI11V,Wildtype,Serum,2.71,HIV-
DEI11V,Wildtype,BAL,1.66,HIV-
DEI11X,Wildtype,NLF,2.78,HIV+
DEI11X,Wildtype,Serum,3.63,HIV+
DEI11X,Wildtype,BAL,2.56,HIV+
DEI11Y,Wildtype,NLF,1.79,HIV-
DEI11Y,Wildtype,Serum,3.44,HIV-
DEI11Y,Wildtype,BAL,2.31,HIV-
DEI11Z,Wildtype,NLF,2.25,HIV-
DEI11Z,Wildtype,Serum,3.39,HIV-
DEI11Z,Wildtype,BAL,2.3,HIV-
DEI120,Wildtype,NLF,2.85,HIV+
DEI120,Wildtype,Serum,3.29,HIV+
DEI120,Wildtype,BAL,2.62,HIV+
DEI121,Wildtype,NLF,1.72,HIV+
DEI121,Wildtype,Serum,3.01,HIV+
DEI121,Wildtype,BAL,1.33,HIV+
DEI122,Wildtype,NLF,0.92,HIV+
DEI122,Wildtype,Serum,2.75,HIV+
DEI122,Wildtype,BAL,1.16,HIV+
DEI123,Wildtype,NLF,1.85,HIV+
DEI123,Wildtype,Serum,3.01,HIV+
DEI123,Wildtype,BAL,1.89,HIV+
DEI124,Wildtype,NLF,2.12,HIV+
DEI124,Wildtype,Serum,3.24,HIV+
DEI124,Wildtype,BAL,1.23,HIV+
DEI125,Wildtype,NLF,1.14,HIV+
DEI125,Wildtype,Serum,2.57,HIV+
DEI125,Wildtype,BAL,1.3,HIV+
DEI13M,Wildtype,NLF,2.43,HIV-
DEI13M,Wildtype,Serum,3.55,HIV-
DEI13M,Wildtype,BAL,2.26,HIV-
DEI13V,Wildtype,NLF,1.41,HIV-
DEI13V,Wildtype,Serum,3.43,HIV-
DEI13V,Wildtype,BAL,2.6,HIV-
DEI13W,Wildtype,NLF,1.5,HIV-
DEI13W,Wildtype,Serum,3.17,HIV-
DEI13W,Wildtype,BAL,1.61,HIV-
DEI13X,Wildtype,NLF,3.19,HIV+
DEI13X,Wildtype,Serum,3.53,HIV+
DEI13X,Wildtype,BAL,2.63,HIV+
DEI13Y,Wildtype,NLF,1.78,HIV+
DEI13Y,Wildtype,Serum,2.64,HIV+
DEI13Y,Wildtype,BAL,1.7,HIV+
DEI140,Wildtype,NLF,1.55,HIV+
DEI140,Wildtype,Serum,3.28,HIV+
DEI140,Wildtype,BAL,1.97,HIV+
DEI141,Wildtype,NLF,2.29,HIV-
DEI141,Wildtype,Serum,3.11,HIV-
DEI141,Wildtype,BAL,1.89,HIV-
DEI142,Wildtype,NLF,3.26,HIV+
DEI142,Wildtype,Serum,3.59,HIV+
DEI142,Wildtype,BAL,2.29,HIV+
DEI143,Wildtype,NLF,2.43,HIV-
DEI143,Wildtype,Serum,3.71,HIV-
DEI143,Wildtype,BAL,2.33,HIV-
DEI144,Wildtype,NLF,2.16,HIV+
DEI144,Wildtype,Serum,3.74,HIV+
DEI144,Wildtype,BAL,2.41,HIV+
DEI146,Wildtype,NLF,1.23,HIV+
DEI146,Wildtype,Serum,2.83,HIV+
DEI146,Wildtype,BAL,0.67,HIV+
DEI147,Wildtype,NLF,1.85,HIV+
DEI147,Wildtype,Serum,2.79,HIV+
DEI147,Wildtype,BAL,1.46,HIV+
DEI148,Wildtype,NLF,2.47,HIV+
DEI148,Wildtype,Serum,3.81,HIV+
DEI148,Wildtype,BAL,2.54,HIV+
DEI149,Wildtype,NLF,2.45,HIV+
DEI149,Wildtype,Serum,3.18,HIV+
DEI149,Wildtype,BAL,1.92,HIV+
DEI14A,Wildtype,NLF,2.27,HIV+
DEI14A,Wildtype,Serum,3.52,HIV+
DEI14A,Wildtype,BAL,1.6,HIV+
DEI14B,Wildtype,NLF,2.52,HIV-
DEI14B,Wildtype,Serum,3.69,HIV-
DEI14B,Wildtype,BAL,2.5,HIV-
DEI14G,Wildtype,NLF,1.56,HIV+
DEI14G,Wildtype,Serum,2.26,HIV+
DEI14G,Wildtype,BAL,0.41,HIV+
