PID,HIV_status,Vacc_status,Stimulant,Compartment,Log_CD4Total,Log_CD8Total,IgALog10_Value,IgGLog10_Value
DEI101,HIV-,Vaccinated,WT Nucleocapsid,PB,NA,NA,2.3,3.33
DEI101,HIV-,Vaccinated,WT Nucleocapsid,BAL,NA,NA,1.9,1.52
DEI102,HIV-,Unvaccinated,WT Nucleocapsid,PB,NA,NA,1.88,1.84
DEI102,HIV-,Unvaccinated,WT Nucleocapsid,BAL,NA,NA,1.3599999999999999,1.8
DEI103,HIV-,Vaccinated,WT Nucleocapsid,PB,NA,NA,1.46,1.82
DEI103,HIV-,Vaccinated,WT Nucleocapsid,BAL,NA,NA,2.45,1.51
DEI104,HIV-,Unvaccinated,WT Nucleocapsid,PB,NA,NA,1.65,3.33
DEI104,HIV-,Unvaccinated,WT Nucleocapsid,BAL,NA,NA,1.6800000000000002,1.64
DEI105,HIV-,Vaccinated,WT Nucleocapsid,PB,NA,NA,2.04,2.97
DEI105,HIV-,Vaccinated,WT Nucleocapsid,BAL,NA,NA,1.9500000000000002,1.75
DEI106,HIV-,Unvaccinated,WT Nucleocapsid,PB,NA,NA,2.34,2.1
DEI106,HIV-,Unvaccinated,WT Nucleocapsid,BAL,NA,NA,2.34,1.03
DEI107,HIV-,Vaccinated,WT Nucleocapsid,PB,-1.585026652029182,-1.537602002101044,1.5,3.15
DEI107,HIV-,Vaccinated,WT Nucleocapsid,BAL,-0.5199930570428494,-0.5670307091255943,1.5899999999999999,1.64
DEI108,HIV-,Unvaccinated,WT Nucleocapsid,PB,-1.193820026016113,-2.154901959985743,2.3,2.82
DEI108,HIV-,Unvaccinated,WT Nucleocapsid,BAL,-0.1778319206319825,-0.9913998282380825,2.03,1.79
DEI109,HIV-,Vaccinated,WT Nucleocapsid,PB,0.14921911265537988,-0.11861534322942717,3.1500000000000004,2.09
DEI109,HIV-,Vaccinated,WT Nucleocapsid,BAL,-0.5361070110140927,0.24079877111733122,2.27,1.36
DEI10A,HIV-,Unvaccinated,WT Nucleocapsid,PB,-0.8068754016455384,-1.494850021680094,1.7000000000000002,2.24
DEI10A,HIV-,Unvaccinated,WT Nucleocapsid,BAL,-1.2839966563652008,-1.1426675035687315,1.75,1.08
DEI10B,HIV-,Vaccinated,WT Nucleocapsid,PB,-1.136677139879544,-1.080921907623926,2.78,3.55
DEI10B,HIV-,Vaccinated,WT Nucleocapsid,BAL,NA,NA,1.87,2.2
DEI10C,HIV-,Unvaccinated,WT Nucleocapsid,PB,-1.207608310501746,-2.3979400086720375,2.44,3.78
DEI10C,HIV-,Unvaccinated,WT Nucleocapsid,BAL,NA,NA,2.09,2.78
DEI10D,HIV-,Unvaccinated,WT Nucleocapsid,PB,-0.46470587995722945,-0.9136401693252518,2.07,2.67
DEI10D,HIV-,Unvaccinated,WT Nucleocapsid,BAL,NA,NA,1.81,1.11
DEI10E,HIV-,Unvaccinated,WT Nucleocapsid,PB,-1.2218487496163564,-1.2218487496163564,1.52,1.86
DEI10E,HIV-,Unvaccinated,WT Nucleocapsid,BAL,-0.6345120151091003,-0.1243600629958316,1.5899999999999999,0.99
DEI10F,HIV-,Unvaccinated,WT Nucleocapsid,PB,-0.13194363817695845,0.7860412102425542,1.62,2.09
DEI10F,HIV-,Unvaccinated,WT Nucleocapsid,BAL,-2.5228787452803374,-2.5228787452803374,2.01,1.23
DEI10G,HIV-,Unvaccinated,WT Nucleocapsid,PB,-1.6382721639824072,-1.1870866433571443,1.56,1.63
DEI10G,HIV-,Unvaccinated,WT Nucleocapsid,BAL,0.1931245983544616,-0.036212172654444715,1.81,0.8
DEI10H,HIV-,Unvaccinated,WT Nucleocapsid,PB,-1.7695510786217261,-1.494850021680094,2.19,2.76
DEI10H,HIV-,Unvaccinated,WT Nucleocapsid,BAL,-0.3545777306509081,-0.5361070110140927,1.73,1.7
DEI10I,HIV-,Vaccinated,WT Nucleocapsid,PB,-2,-2.0457574905606752,1.63,2.41
DEI10I,HIV-,Vaccinated,WT Nucleocapsid,BAL,-0.8477116556169435,-1.0362121726544447,1.7599999999999998,2.08
DEI10J,HIV+,Vaccinated,WT Nucleocapsid,PB,-2,-1.9208187539523751,1.96,2.15
DEI10J,HIV+,Vaccinated,WT Nucleocapsid,BAL,0.0867156639448825,-2.5228787452803374,0.99,1
DEI10K,HIV+,Unvaccinated,WT Nucleocapsid,PB,-1.3872161432802645,-2.5228787452803374,1.42,2.48
DEI10K,HIV+,Unvaccinated,WT Nucleocapsid,BAL,-0.5072396109731625,-1.494850021680094,1.4,1.63
DEI10L,HIV-,Unvaccinated,WT Nucleocapsid,PB,-1.4436974992327127,-2.5228787452803374,2.22,3.27
DEI10L,HIV-,Unvaccinated,WT Nucleocapsid,BAL,0.33465476688324136,-0.619788758288394,0.76,2.41
DEI10M,HIV-,Vaccinated,WT Nucleocapsid,PB,-1.2365720064370627,-1.3767507096020994,1.8900000000000001,3.04
DEI10M,HIV-,Vaccinated,WT Nucleocapsid,BAL,-0.42021640338318983,-0.9172146296835499,1.81,1.87
DEI10N,HIV+,Vaccinated,WT Nucleocapsid,PB,-2.5228787452803374,-1.5086383061657274,1.29,1.75
DEI10N,HIV+,Vaccinated,WT Nucleocapsid,BAL,-0.769551078621726,-0.9665762445130504,1.79,1.49
DEI10P,HIV+,Vaccinated,WT Nucleocapsid,PB,-0.2580609222708011,-0.266000713461613,1.7000000000000002,2.49
DEI10P,HIV+,Vaccinated,WT Nucleocapsid,BAL,-0.790484985457369,-0.43062609038495414,2.35,1.52
DEI10Q,HIV-,Unvaccinated,WT Nucleocapsid,PB,-1.7212463990471711,-0.44611697335612566,2.06,3
DEI10Q,HIV-,Unvaccinated,WT Nucleocapsid,BAL,-1.2839966563652008,-0.9430951486635274,1.7799999999999998,0.92
DEI10R,HIV+,Unvaccinated,WT Nucleocapsid,PB,-2.5228787452803374,-1.1307682802690238,2.88,2.65
DEI10R,HIV+,Unvaccinated,WT Nucleocapsid,BAL,-0.9546770212133425,-2.5228787452803374,2.33,1.71
DEI10S,HIV-,Vaccinated,WT Nucleocapsid,PB,NA,NA,1.65,1.52
DEI10S,HIV-,Vaccinated,WT Nucleocapsid,BAL,NA,NA,2.06,0.07
DEI10V,HIV-,Unvaccinated,WT Nucleocapsid,PB,-2.0457574905606752,-1.7958800173440752,2,2.04
DEI10V,HIV-,Unvaccinated,WT Nucleocapsid,BAL,-2.0457574905606752,-2.5228787452803374,1.7599999999999998,1.12
DEI10W,HIV-,Unvaccinated,WT Nucleocapsid,PB,-2.5228787452803374,-2.5228787452803374,2.1,2.54
DEI10W,HIV-,Unvaccinated,WT Nucleocapsid,BAL,-1.6777807052660807,-0.562249437179612,1.71,1.35
DEI10X,HIV-,Vaccinated,WT Nucleocapsid,PB,-2.5228787452803374,-2.5228787452803374,2.3,2.82
DEI10X,HIV-,Vaccinated,WT Nucleocapsid,BAL,NA,NA,2.21,1.66
DEI10Y,HIV-,Unvaccinated,WT Nucleocapsid,PB,-2,-2.5228787452803374,2.37,2.82
DEI10Y,HIV-,Unvaccinated,WT Nucleocapsid,BAL,0.3159703454569177,0.3283796034387377,1.8599999999999999,1.6
DEI10Z,HIV+,Unvaccinated,WT Nucleocapsid,PB,-2.154901959985743,-2.5228787452803374,1.1099999999999999,2.12
DEI10Z,HIV+,Unvaccinated,WT Nucleocapsid,BAL,NA,NA,1.29,1.41
DEI110,HIV+,Unvaccinated,WT Nucleocapsid,PB,NA,NA,1.5899999999999999,2.11
DEI110,HIV+,Unvaccinated,WT Nucleocapsid,BAL,NA,NA,2.02,1.08
DEI111,HIV+,Vaccinated,WT Nucleocapsid,PB,-1.7958800173440752,-1.3467874862246563,1.1400000000000001,1.99
DEI111,HIV+,Vaccinated,WT Nucleocapsid,BAL,NA,NA,1.46,0.23
DEI112,HIV+,Vaccinated,WT Nucleocapsid,PB,-1.3565473235138126,-0.7144426909922262,3.1100000000000003,3.77
DEI112,HIV+,Vaccinated,WT Nucleocapsid,BAL,-0.10182351650232342,-0.6757175447023074,2.55,2.15
DEI113,HIV-,Unvaccinated,WT Nucleocapsid,PB,-1.7212463990471711,-2.5228787452803374,2.85,4.01
DEI113,HIV-,Unvaccinated,WT Nucleocapsid,BAL,NA,NA,1.9700000000000002,2.75
DEI114,HIV+,Vaccinated,WT Nucleocapsid,PB,NA,NA,1.2799999999999998,1.76
DEI114,HIV+,Vaccinated,WT Nucleocapsid,BAL,NA,NA,2,1.18
DEI115,HIV+,Unvaccinated,WT Nucleocapsid,PB,NA,NA,2.04,2.68
DEI115,HIV+,Unvaccinated,WT Nucleocapsid,BAL,NA,NA,1.58,1.72
DEI116,HIV+,Unvaccinated,WT Nucleocapsid,PB,NA,NA,1.92,2.63
DEI116,HIV+,Unvaccinated,WT Nucleocapsid,BAL,NA,NA,2.07,1.47
DEI117,HIV+,Vaccinated,WT Nucleocapsid,PB,-2.3979400086720375,-2.0457574905606752,2.14,2.78
DEI117,HIV+,Vaccinated,WT Nucleocapsid,BAL,NA,NA,1.17,0.03
DEI118,HIV+,Vaccinated,WT Nucleocapsid,PB,-0.7798919119599449,-1.1249387366083,1.38,2.75
DEI118,HIV+,Vaccinated,WT Nucleocapsid,BAL,-0.20690839982341983,-1.6575773191777938,1.67,1.97
DEI119,HIV+,Vaccinated,WT Nucleocapsid,PB,-0.3516399890190684,-2.5228787452803374,1.81,2.58
DEI119,HIV+,Vaccinated,WT Nucleocapsid,BAL,NA,NA,1.67,1.34
DEI11A,HIV+,Vaccinated,WT Nucleocapsid,PB,-2.5228787452803374,-2.5228787452803374,1.9900000000000002,2.97
DEI11A,HIV+,Vaccinated,WT Nucleocapsid,BAL,-2.5228787452803374,-1.1079053973095196,2.42,2.34
DEI11B,HIV-,Unvaccinated,WT Nucleocapsid,PB,-2.0457574905606752,-1.2596373105057561,1.8599999999999999,1.43
DEI11B,HIV-,Unvaccinated,WT Nucleocapsid,BAL,-2.5228787452803374,-2.5228787452803374,1.35,0.07
DEI11E,HIV+,Vaccinated,WT Nucleocapsid,PB,-1.1426675035687315,-1.4814860601221125,2.12,2.49
DEI11E,HIV+,Vaccinated,WT Nucleocapsid,BAL,NA,NA,1.3399999999999999,1.22
DEI11F,HIV+,Unvaccinated,WT Nucleocapsid,PB,-2.5228787452803374,-2.5228787452803374,1.77,2.93
DEI11F,HIV+,Unvaccinated,WT Nucleocapsid,BAL,NA,NA,1.0699999999999998,0.76
DEI11G,HIV+,Vaccinated,WT Nucleocapsid,PB,-1.7212463990471711,-1.6197887582883939,1.5699999999999998,1.47
DEI11G,HIV+,Vaccinated,WT Nucleocapsid,BAL,-0.6757175447023074,-1.2924298239020637,1.56,0.52
DEI11H,HIV-,Unvaccinated,WT Nucleocapsid,PB,-1.1079053973095196,-1.6197887582883939,1.8599999999999999,2.93
DEI11H,HIV-,Unvaccinated,WT Nucleocapsid,BAL,NA,NA,0.6100000000000001,1
DEI11I,HIV+,Vaccinated,WT Nucleocapsid,PB,NA,NA,3.0599999999999996,3.25
DEI11I,HIV+,Vaccinated,WT Nucleocapsid,BAL,NA,NA,2.58,1.66
DEI11J,HIV+,Unvaccinated,WT Nucleocapsid,PB,-1.7695510786217261,-2,2.43,2.89
DEI11J,HIV+,Unvaccinated,WT Nucleocapsid,BAL,NA,NA,1.56,1.44
DEI11K,HIV-,Vaccinated,WT Nucleocapsid,PB,NA,NA,1.21,2.55
DEI11K,HIV-,Vaccinated,WT Nucleocapsid,BAL,NA,NA,1.56,1.12
DEI11L,HIV+,Vaccinated,WT Nucleocapsid,PB,NA,NA,1.79,1.8
DEI11L,HIV+,Vaccinated,WT Nucleocapsid,BAL,NA,NA,1.31,1
DEI11M,HIV+,Unvaccinated,WT Nucleocapsid,PB,NA,NA,2.04,2.35
DEI11M,HIV+,Unvaccinated,WT Nucleocapsid,BAL,-0.34582345812203946,-2.5228787452803374,1.5099999999999998,1.27
DEI11N,HIV-,Unvaccinated,WT Nucleocapsid,PB,-2.5228787452803374,-0.2749054789185309,1.96,2.93
DEI11N,HIV-,Unvaccinated,WT Nucleocapsid,BAL,-2.5228787452803374,-2.5228787452803374,2.09,2.13
DEI11P,HIV+,Vaccinated,WT Nucleocapsid,PB,-0.059981844992336796,-0.28483264215154214,2.37,2.98
DEI11P,HIV+,Vaccinated,WT Nucleocapsid,BAL,-2.5228787452803374,-2.5228787452803374,2.27,2.3
DEI11Q,HIV-,Unvaccinated,WT Nucleocapsid,PB,-1.5686362358410126,-2.5228787452803374,1.9300000000000002,2.03
DEI11Q,HIV-,Unvaccinated,WT Nucleocapsid,BAL,-1.7695510786217261,-2.5228787452803374,2.28,0.78
DEI11R,HIV+,Unvaccinated,WT Nucleocapsid,PB,-1.958607314841775,-2.5228787452803374,1.77,1.47
DEI11R,HIV+,Unvaccinated,WT Nucleocapsid,BAL,-2.5228787452803374,-1.2218487496163564,2.86,1.61
DEI11S,HIV-,Unvaccinated,WT Nucleocapsid,PB,NA,NA,2.12,2.38
DEI11S,HIV-,Unvaccinated,WT Nucleocapsid,BAL,NA,NA,1.88,1.3
DEI11T,HIV+,Vaccinated,WT Nucleocapsid,PB,NA,NA,2.3,2.1
DEI11T,HIV+,Vaccinated,WT Nucleocapsid,BAL,NA,NA,2.41,2.1
DEI11U,HIV-,Vaccinated,WT Nucleocapsid,PB,-1.3010299956639813,-1.3565473235138126,2.52,3.58
DEI11U,HIV-,Vaccinated,WT Nucleocapsid,BAL,-0.04963514562387693,-0.7931741239681502,2.7,2.43
DEI11V,HIV-,Unvaccinated,WT Nucleocapsid,PB,-2,-1.6382721639824072,2.47,2.45
DEI11V,HIV-,Unvaccinated,WT Nucleocapsid,BAL,-0.26440110030182007,-0.8068754016455384,2.2,1.26
DEI11X,HIV+,Vaccinated,WT Nucleocapsid,PB,NA,NA,2.34,2.32
DEI11X,HIV+,Vaccinated,WT Nucleocapsid,BAL,NA,NA,1.6600000000000001,1.19
DEI11Y,HIV-,Unvaccinated,WT Nucleocapsid,PB,-2.0969100130080562,-2.5228787452803374,1.94,2.76
DEI11Y,HIV-,Unvaccinated,WT Nucleocapsid,BAL,-1.537602002101044,-1.9208187539523751,2.11,1.43
DEI11Z,HIV-,Vaccinated,WT Nucleocapsid,PB,-1.6777807052660807,-2.5228787452803374,1.69,2.7
DEI11Z,HIV-,Vaccinated,WT Nucleocapsid,BAL,-0.3372421683184259,-0.4934949675951279,2.3,1.56
DEI120,HIV+,Vaccinated,WT Nucleocapsid,PB,NA,NA,2.59,2.88
DEI120,HIV+,Vaccinated,WT Nucleocapsid,BAL,NA,NA,2.74,2.17
DEI121,HIV+,Unvaccinated,WT Nucleocapsid,PB,NA,NA,1.92,2.4
DEI121,HIV+,Unvaccinated,WT Nucleocapsid,BAL,NA,NA,2.32,0.76
DEI122,HIV+,Unvaccinated,WT Nucleocapsid,PB,NA,NA,2.2,1.56
DEI122,HIV+,Unvaccinated,WT Nucleocapsid,BAL,NA,NA,2.95,1.39
DEI123,HIV+,Vaccinated,WT Nucleocapsid,PB,NA,NA,1.85,1.77
DEI123,HIV+,Vaccinated,WT Nucleocapsid,BAL,NA,NA,2.89,0.62
DEI124,HIV+,Unvaccinated,WT Nucleocapsid,PB,NA,NA,1.5,2.38
DEI124,HIV+,Unvaccinated,WT Nucleocapsid,BAL,NA,NA,1,0.67
DEI125,HIV+,Unvaccinated,WT Nucleocapsid,PB,NA,NA,1.48,0.43
DEI125,HIV+,Unvaccinated,WT Nucleocapsid,BAL,NA,NA,2.14,0.65
DEI13M,HIV-,Vaccinated,WT Nucleocapsid,PB,NA,NA,1.8199999999999998,2.94
DEI13M,HIV-,Vaccinated,WT Nucleocapsid,BAL,NA,NA,1.62,1.68
DEI13V,HIV-,Vaccinated,WT Nucleocapsid,PB,-2.221848749616356,-2.3979400086720375,1.7999999999999998,1.72
DEI13V,HIV-,Vaccinated,WT Nucleocapsid,BAL,-2.221848749616356,-1.853871964321762,2.2,0.88
DEI13W,HIV-,Unvaccinated,WT Nucleocapsid,PB,-1.6575773191777938,-1.7695510786217261,1.69,1.94
DEI13W,HIV-,Unvaccinated,WT Nucleocapsid,BAL,NA,NA,2.26,0.38
DEI13X,HIV+,Vaccinated,WT Nucleocapsid,PB,NA,NA,2.33,2.03
DEI13X,HIV+,Vaccinated,WT Nucleocapsid,BAL,NA,NA,2.36,1.14
DEI13Y,HIV+,Unvaccinated,WT Nucleocapsid,PB,NA,NA,1.3399999999999999,1.84
DEI13Y,HIV+,Unvaccinated,WT Nucleocapsid,BAL,NA,NA,2.41,0.89
DEI140,HIV+,Vaccinated,WT Nucleocapsid,PB,NA,NA,1.71,2.36
DEI140,HIV+,Vaccinated,WT Nucleocapsid,BAL,NA,NA,2.26,0.82
DEI141,HIV-,Unvaccinated,WT Nucleocapsid,PB,-1.4436974992327127,-1.3665315444204136,1.7599999999999998,2.16
DEI141,HIV-,Unvaccinated,WT Nucleocapsid,BAL,-0.21395878975744578,-0.32513885926218844,2.05,0.68
DEI142,HIV+,Vaccinated,WT Nucleocapsid,PB,NA,NA,1.6400000000000001,3.1
DEI142,HIV+,Vaccinated,WT Nucleocapsid,BAL,NA,NA,1.5099999999999998,1.74
DEI143,HIV-,Vaccinated,WT Nucleocapsid,PB,0.20085049809107747,0.35372393758894904,1.83,2.11
DEI143,HIV-,Vaccinated,WT Nucleocapsid,BAL,-1.275724130399211,0.3803921600570273,2.65,0.91
DEI144,HIV+,Vaccinated,WT Nucleocapsid,PB,NA,NA,1.6099999999999999,3.17
DEI144,HIV+,Vaccinated,WT Nucleocapsid,BAL,NA,NA,1.6600000000000001,1.84
DEI146,HIV+,Unvaccinated,WT Nucleocapsid,PB,NA,NA,2.48,2.15
DEI146,HIV+,Unvaccinated,WT Nucleocapsid,BAL,NA,NA,3.58,1
DEI147,HIV+,Unvaccinated,WT Nucleocapsid,PB,NA,NA,2.12,2.14
DEI147,HIV+,Unvaccinated,WT Nucleocapsid,BAL,NA,NA,2.66,0.78
DEI148,HIV+,Vaccinated,WT Nucleocapsid,PB,NA,NA,1.4700000000000002,3.21
DEI148,HIV+,Vaccinated,WT Nucleocapsid,BAL,NA,NA,2.59,1.9
DEI149,HIV+,Vaccinated,WT Nucleocapsid,PB,NA,NA,2.14,2.72
DEI149,HIV+,Vaccinated,WT Nucleocapsid,BAL,NA,NA,2.03,1.49
DEI14A,HIV+,Vaccinated,WT Nucleocapsid,PB,NA,NA,2.07,2.98
DEI14A,HIV+,Vaccinated,WT Nucleocapsid,BAL,NA,NA,3.8499999999999996,1.06
DEI14B,HIV-,Unvaccinated,WT Nucleocapsid,PB,NA,NA,1.75,2.56
DEI14B,HIV-,Unvaccinated,WT Nucleocapsid,BAL,NA,NA,2.16,1.2
DEI14G,HIV+,Unvaccinated,WT Nucleocapsid,PB,NA,NA,1.7599999999999998,1.88
DEI14G,HIV+,Unvaccinated,WT Nucleocapsid,BAL,NA,NA,1.5699999999999998,1
DEI101,HIV-,Vaccinated,WT Spike,PB,NA,NA,2.61,3.9
DEI101,HIV-,Vaccinated,WT Spike,BAL,NA,NA,2.42,2.92
DEI102,HIV-,Unvaccinated,WT Spike,PB,NA,NA,1.2400000000000002,1.61
DEI102,HIV-,Unvaccinated,WT Spike,BAL,NA,NA,1.7000000000000002,2.02
DEI103,HIV-,Vaccinated,WT Spike,PB,-0.48678239993206096,-0.5968794788241821,1.92,3.17
DEI103,HIV-,Vaccinated,WT Spike,BAL,-0.2831622767004755,-0.4672456210075022,1.46,1.79
DEI104,HIV-,Unvaccinated,WT Spike,PB,-2.5228787452803374,-1.7958800173440752,3.01,3.95
DEI104,HIV-,Unvaccinated,WT Spike,BAL,-0.4522252946121775,-1.136677139879544,2.37,2.4
DEI105,HIV-,Vaccinated,WT Spike,PB,-1.3098039199714864,-1.2676062401770316,2.5,3.59
DEI105,HIV-,Vaccinated,WT Spike,BAL,NA,NA,2.38,2.71
DEI106,HIV-,Unvaccinated,WT Spike,PB,-2.3979400086720375,-2.5228787452803374,2.76,3.37
DEI106,HIV-,Unvaccinated,WT Spike,BAL,NA,NA,2.68,2.28
DEI107,HIV-,Vaccinated,WT Spike,PB,-1.3665315444204136,-1.958607314841775,2.35,3.94
DEI107,HIV-,Vaccinated,WT Spike,BAL,-0.14206473528057098,-0.19314197048118256,1.8399999999999999,2.51
DEI108,HIV-,Unvaccinated,WT Spike,PB,-1.9208187539523751,-2.3010299956639813,2.79,3.53
DEI108,HIV-,Unvaccinated,WT Spike,BAL,-0.27818938478745336,-0.6556077263148893,2.1,2.53
DEI109,HIV-,Vaccinated,WT Spike,PB,0.1878026387184193,-0.17005330405836405,2.11,3.2
DEI109,HIV-,Vaccinated,WT Spike,BAL,-2.5228787452803374,0.5158738437116791,2.19,2.48
DEI10A,HIV-,Unvaccinated,WT Spike,PB,-1.6382721639824072,-0.6757175447023074,2.49,3.31
DEI10A,HIV-,Unvaccinated,WT Spike,BAL,-2.5228787452803374,-2.5228787452803374,1.7200000000000002,1.96
DEI10B,HIV-,Vaccinated,WT Spike,PB,-2.0457574905606752,-1.3979400086720375,3.0999999999999996,3.52
DEI10B,HIV-,Vaccinated,WT Spike,BAL,NA,NA,2.43,2.16
DEI10C,HIV-,Unvaccinated,WT Spike,PB,-1.5528419686577808,-1.6197887582883939,2.74,3.56
DEI10C,HIV-,Unvaccinated,WT Spike,BAL,NA,NA,2.73,2.6
DEI10D,HIV-,Unvaccinated,WT Spike,PB,0.2853322276438845,0.21537315278342195,2.98,3.61
DEI10D,HIV-,Unvaccinated,WT Spike,BAL,NA,NA,2.55,1.95
DEI10E,HIV-,Unvaccinated,WT Spike,PB,-2.5228787452803374,-2.5228787452803374,2.82,2.93
DEI10E,HIV-,Unvaccinated,WT Spike,BAL,-0.9913998282380825,-0.3645162531850879,2.39,2.1
DEI10F,HIV-,Unvaccinated,WT Spike,PB,-0.07058107428570728,1.0362295440862945,1.81,2.42
DEI10F,HIV-,Unvaccinated,WT Spike,BAL,-1.0861861476162833,-2.5228787452803374,1.8599999999999999,1.3
DEI10G,HIV-,Unvaccinated,WT Spike,PB,-1.4685210829577449,-1.1870866433571443,2.23,2.96
DEI10G,HIV-,Unvaccinated,WT Spike,BAL,0.2966651902615311,0.06069784035361165,2.19,2.05
DEI10H,HIV-,Unvaccinated,WT Spike,PB,-1.6020599913279623,-1.207608310501746,2.27,3.06
DEI10H,HIV-,Unvaccinated,WT Spike,BAL,-0.431798275933005,0.1553360374650618,2.21,2.01
DEI10I,HIV-,Vaccinated,WT Spike,PB,-0.769551078621726,-0.7304870557820837,2.8,3.19
DEI10I,HIV-,Vaccinated,WT Spike,BAL,-0.5654310959658012,-0.8996294548824371,3.01,2.86
DEI10J,HIV+,Vaccinated,WT Spike,PB,-1.7958800173440752,-1.2839966563652008,2.55,3.36
DEI10J,HIV+,Vaccinated,WT Spike,BAL,-0.6179829574251317,-1.2839966563652008,0.8899999999999999,2.31
DEI10K,HIV+,Unvaccinated,WT Spike,PB,-1.3010299956639813,-2.154901959985743,2.72,3.05
DEI10K,HIV+,Unvaccinated,WT Spike,BAL,-0.6736641390712486,-2.5228787452803374,2.28,2.13
DEI10L,HIV-,Unvaccinated,WT Spike,PB,-2.5228787452803374,-2.3979400086720375,3.21,3.83
DEI10L,HIV-,Unvaccinated,WT Spike,BAL,-0.3757179041643317,-1.6575773191777938,-0.14,2.98
DEI10M,HIV-,Vaccinated,WT Spike,PB,-2.5228787452803374,-1.6197887582883939,2.89,3.36
DEI10M,HIV-,Vaccinated,WT Spike,BAL,-0.7931741239681502,-0.27164621797877153,2.46,2.28
DEI10N,HIV+,Vaccinated,WT Spike,PB,-2.0457574905606752,-1.9208187539523751,2.83,3.38
DEI10N,HIV+,Vaccinated,WT Spike,BAL,-1.0409586076789064,-1.8860566476931633,2.44,2.54
DEI10P,HIV+,Vaccinated,WT Spike,PB,-1.1611509092627446,-1.3872161432802645,2.91,3.9
DEI10P,HIV+,Vaccinated,WT Spike,BAL,-0.2588484011482149,-2.5228787452803374,2.47,2.72
DEI10Q,HIV-,Unvaccinated,WT Spike,PB,-2.3010299956639813,-2.5228787452803374,2.56,3.05
DEI10Q,HIV-,Unvaccinated,WT Spike,BAL,-0.35556141053216145,0.2907022432878544,2.45,1.12
DEI10R,HIV+,Unvaccinated,WT Spike,PB,-2.5228787452803374,-2.5228787452803374,2.75,3.89
DEI10R,HIV+,Unvaccinated,WT Spike,BAL,-0.8507808873446201,-2.5228787452803374,2.34,2.92
DEI10S,HIV-,Vaccinated,WT Spike,PB,NA,NA,2.76,3.1
DEI10S,HIV-,Vaccinated,WT Spike,BAL,NA,NA,2.07,1.39
DEI10V,HIV-,Unvaccinated,WT Spike,PB,-1.8860566476931633,-1.958607314841775,3.1100000000000003,3.31
DEI10V,HIV-,Unvaccinated,WT Spike,BAL,-1.7212463990471711,-1.7958800173440752,2.31,2.36
DEI10W,HIV-,Unvaccinated,WT Spike,PB,-2.5228787452803374,-2.5228787452803374,3.1100000000000003,3.25
DEI10W,HIV-,Unvaccinated,WT Spike,BAL,-0.42021640338318983,-0.26042765554990804,2.15,2.09
DEI10X,HIV-,Vaccinated,WT Spike,PB,-2.3010299956639813,-2.5228787452803374,2.05,3.46
DEI10X,HIV-,Vaccinated,WT Spike,BAL,NA,NA,1.67,2.38
DEI10Y,HIV-,Unvaccinated,WT Spike,PB,-2.5228787452803374,-2.5228787452803374,2.62,3.41
DEI10Y,HIV-,Unvaccinated,WT Spike,BAL,-0.6536470255493614,-0.5670307091255943,2.34,2.18
DEI10Z,HIV+,Unvaccinated,WT Spike,PB,-2.5228787452803374,-2.5228787452803374,2.33,3.27
DEI10Z,HIV+,Unvaccinated,WT Spike,BAL,NA,NA,2.27,2.54
DEI110,HIV+,Unvaccinated,WT Spike,PB,NA,NA,2.75,2.67
DEI110,HIV+,Unvaccinated,WT Spike,BAL,NA,NA,2.51,1.54
DEI111,HIV+,Vaccinated,WT Spike,PB,-1.3979400086720375,-1.494850021680094,2.93,3.49
DEI111,HIV+,Vaccinated,WT Spike,BAL,NA,NA,1.2200000000000002,1.2
DEI112,HIV+,Vaccinated,WT Spike,PB,-0.2975694635544747,-0.8068754016455384,3.38,4.48
DEI112,HIV+,Vaccinated,WT Spike,BAL,0.1705550585212085,-0.9507819773298184,2.56,2.88
DEI113,HIV-,Unvaccinated,WT Spike,PB,-2.0969100130080562,-1.3872161432802645,2.81,4.05
DEI113,HIV-,Unvaccinated,WT Spike,BAL,NA,NA,2.91,2.83
DEI114,HIV+,Vaccinated,WT Spike,PB,NA,NA,3.29,3.47
DEI114,HIV+,Vaccinated,WT Spike,BAL,NA,NA,3.37,2.85
DEI115,HIV+,Unvaccinated,WT Spike,PB,NA,NA,1.96,3.06
DEI115,HIV+,Unvaccinated,WT Spike,BAL,NA,NA,1.87,2.05
DEI116,HIV+,Unvaccinated,WT Spike,PB,NA,NA,3.0199999999999996,3.1
DEI116,HIV+,Unvaccinated,WT Spike,BAL,NA,NA,2.09,1.94
DEI117,HIV+,Vaccinated,WT Spike,PB,-1.2365720064370627,-2.5228787452803374,3.17,4.07
DEI117,HIV+,Vaccinated,WT Spike,BAL,NA,NA,1.0099999999999998,1
DEI118,HIV+,Vaccinated,WT Spike,PB,-0.7144426909922262,-1.5528419686577808,3.01,3.95
DEI118,HIV+,Vaccinated,WT Spike,BAL,-0.8794260687941501,-2.5228787452803374,2.31,3.14
DEI119,HIV+,Vaccinated,WT Spike,PB,-0.8068754016455384,-2.5228787452803374,2.41,3.32
DEI119,HIV+,Vaccinated,WT Spike,BAL,NA,NA,1.4700000000000002,2.11
DEI11A,HIV+,Vaccinated,WT Spike,PB,-1.6777807052660807,-2.5228787452803374,3,3.75
DEI11A,HIV+,Vaccinated,WT Spike,BAL,-1.853871964321762,-0.6345120151091003,3.24,3.14
DEI11B,HIV-,Unvaccinated,WT Spike,PB,-1.7212463990471711,-1.7958800173440752,2.27,2.39
DEI11B,HIV-,Unvaccinated,WT Spike,BAL,0.7442929831226762,0.3692158574101428,1.77,1.03
DEI11E,HIV+,Vaccinated,WT Spike,PB,-1.8860566476931633,-2.3010299956639813,2.37,3.36
DEI11E,HIV+,Vaccinated,WT Spike,BAL,NA,NA,1.48,1.95
DEI11F,HIV+,Unvaccinated,WT Spike,PB,-2.154901959985743,-1.7212463990471711,2.48,3.86
DEI11F,HIV+,Unvaccinated,WT Spike,BAL,NA,NA,1.5299999999999998,1.76
DEI11G,HIV+,Vaccinated,WT Spike,PB,-1.958607314841775,-2.3979400086720375,2.72,3.29
DEI11G,HIV+,Vaccinated,WT Spike,BAL,-0.9546770212133425,-0.7772835288524167,2.2,2
DEI11H,HIV-,Unvaccinated,WT Spike,PB,-1.2676062401770316,-1.4685210829577449,3.0700000000000003,3.62
DEI11H,HIV-,Unvaccinated,WT Spike,BAL,NA,NA,0.9099999999999999,0.02
DEI11I,HIV+,Vaccinated,WT Spike,PB,NA,NA,2.54,3.64
DEI11I,HIV+,Vaccinated,WT Spike,BAL,NA,NA,2.06,2.14
DEI11J,HIV+,Unvaccinated,WT Spike,PB,-1.853871964321762,-2.5228787452803374,3.1399999999999997,3.77
DEI11J,HIV+,Unvaccinated,WT Spike,BAL,NA,NA,2.45,2.34
DEI11K,HIV-,Vaccinated,WT Spike,PB,NA,NA,2.08,3.14
DEI11K,HIV-,Vaccinated,WT Spike,BAL,NA,NA,2.31,1.71
DEI11L,HIV+,Vaccinated,WT Spike,PB,NA,NA,1.98,2.49
DEI11L,HIV+,Vaccinated,WT Spike,BAL,NA,NA,1.08,0.15
DEI11M,HIV+,Unvaccinated,WT Spike,PB,NA,NA,2.53,2.97
DEI11M,HIV+,Unvaccinated,WT Spike,BAL,-0.5058454059815573,-2.5228787452803374,2.24,1.95
DEI11N,HIV-,Unvaccinated,WT Spike,PB,-0.2062096153091813,-0.341035157335565,2.12,2.6
DEI11N,HIV-,Unvaccinated,WT Spike,BAL,-2.5228787452803374,-2.5228787452803374,2.63,2.04
DEI11P,HIV+,Vaccinated,WT Spike,PB,0.18864729599971736,0.01367969729119256,3.05,3.55
DEI11P,HIV+,Vaccinated,WT Spike,BAL,-1.9208187539523751,-2.5228787452803374,2.82,2.88
DEI11Q,HIV-,Unvaccinated,WT Spike,PB,-1.408935392973501,-1.6575773191777938,2.71,3.32
DEI11Q,HIV-,Unvaccinated,WT Spike,BAL,-2.5228787452803374,-2.5228787452803374,2.28,2.05
DEI11R,HIV+,Unvaccinated,WT Spike,PB,-2.5228787452803374,-2.5228787452803374,2.5,2.82
DEI11R,HIV+,Unvaccinated,WT Spike,BAL,-0.9913998282380825,-1.4436974992327127,2.21,1.67
DEI11S,HIV-,Unvaccinated,WT Spike,PB,NA,NA,2.81,3.37
DEI11S,HIV-,Unvaccinated,WT Spike,BAL,NA,NA,2.14,2.39
DEI11T,HIV+,Vaccinated,WT Spike,PB,NA,NA,2.14,2.64
DEI11T,HIV+,Vaccinated,WT Spike,BAL,NA,NA,2.33,1.84
DEI11U,HIV-,Vaccinated,WT Spike,PB,-2.0969100130080562,-2.3010299956639813,2.49,2.88
DEI11U,HIV-,Vaccinated,WT Spike,BAL,-0.6345120151091003,-2.5228787452803374,2.65,1.64
DEI11V,HIV-,Unvaccinated,WT Spike,PB,-2.5228787452803374,-2.5228787452803374,3.0300000000000002,2.71
DEI11V,HIV-,Unvaccinated,WT Spike,BAL,-2.5228787452803374,-2.5228787452803374,2.82,1.66
DEI11X,HIV+,Vaccinated,WT Spike,PB,NA,NA,2.87,3.63
DEI11X,HIV+,Vaccinated,WT Spike,BAL,NA,NA,2.05,2.56
DEI11Y,HIV-,Unvaccinated,WT Spike,PB,-0.11125903931710739,-0.15366288787019475,2.58,3.44
DEI11Y,HIV-,Unvaccinated,WT Spike,BAL,-2.5228787452803374,-2.5228787452803374,2.02,2.31
DEI11Z,HIV-,Vaccinated,WT Spike,PB,-2.221848749616356,-2.5228787452803374,2.88,3.39
DEI11Z,HIV-,Vaccinated,WT Spike,BAL,-1.494850021680094,-2.5228787452803374,2.22,2.3
DEI120,HIV+,Vaccinated,WT Spike,PB,NA,NA,3.04,3.29
DEI120,HIV+,Vaccinated,WT Spike,BAL,NA,NA,2.48,2.62
DEI121,HIV+,Unvaccinated,WT Spike,PB,NA,NA,2.79,3.01
DEI121,HIV+,Unvaccinated,WT Spike,BAL,NA,NA,1.81,1.33
DEI122,HIV+,Unvaccinated,WT Spike,PB,NA,NA,2.2,2.75
DEI122,HIV+,Unvaccinated,WT Spike,BAL,NA,NA,1.7400000000000002,1.16
DEI123,HIV+,Vaccinated,WT Spike,PB,NA,NA,2.46,3.01
DEI123,HIV+,Vaccinated,WT Spike,BAL,NA,NA,2.13,1.89
DEI124,HIV+,Unvaccinated,WT Spike,PB,NA,NA,2.13,3.24
DEI124,HIV+,Unvaccinated,WT Spike,BAL,NA,NA,0.19999999999999996,1.23
DEI125,HIV+,Unvaccinated,WT Spike,PB,NA,NA,2.51,2.57
DEI125,HIV+,Unvaccinated,WT Spike,BAL,NA,NA,2,1.3
DEI13M,HIV-,Vaccinated,WT Spike,PB,NA,NA,2.1,3.55
DEI13M,HIV-,Vaccinated,WT Spike,BAL,NA,NA,2.33,2.26
DEI13V,HIV-,Vaccinated,WT Spike,PB,-2.5228787452803374,-2.5228787452803374,2.75,3.43
DEI13V,HIV-,Vaccinated,WT Spike,BAL,-2.5228787452803374,-2,2.48,2.6
DEI13W,HIV-,Unvaccinated,WT Spike,PB,-2.221848749616356,-2.5228787452803374,3.3499999999999996,3.17
DEI13W,HIV-,Unvaccinated,WT Spike,BAL,NA,NA,2.34,1.61
DEI13X,HIV+,Vaccinated,WT Spike,PB,NA,NA,3.2699999999999996,3.53
DEI13X,HIV+,Vaccinated,WT Spike,BAL,NA,NA,2.62,2.63
DEI13Y,HIV+,Unvaccinated,WT Spike,PB,NA,NA,3.05,2.64
DEI13Y,HIV+,Unvaccinated,WT Spike,BAL,NA,NA,2.63,1.7
DEI140,HIV+,Vaccinated,WT Spike,PB,NA,NA,2.37,3.28
DEI140,HIV+,Vaccinated,WT Spike,BAL,NA,NA,2.2,1.97
DEI141,HIV-,Unvaccinated,WT Spike,PB,-1.1674910872937636,-0.41116827440579273,2.32,3.11
DEI141,HIV-,Unvaccinated,WT Spike,BAL,-0.9136401693252518,-2.5228787452803374,2.67,1.89
DEI142,HIV+,Vaccinated,WT Spike,PB,NA,NA,2.39,3.59
DEI142,HIV+,Vaccinated,WT Spike,BAL,NA,NA,2.39,2.29
DEI143,HIV-,Vaccinated,WT Spike,PB,-0.02181948306258609,0.2314695904306813,3.05,3.71
DEI143,HIV-,Vaccinated,WT Spike,BAL,-0.6536470255493614,0.1643528557844371,2.46,2.33
DEI144,HIV+,Vaccinated,WT Spike,PB,NA,NA,2.12,3.74
DEI144,HIV+,Vaccinated,WT Spike,BAL,NA,NA,1.4700000000000002,2.41
DEI146,HIV+,Unvaccinated,WT Spike,PB,NA,NA,3.2,2.83
DEI146,HIV+,Unvaccinated,WT Spike,BAL,NA,NA,1.1400000000000001,0.67
DEI147,HIV+,Unvaccinated,WT Spike,PB,NA,NA,2.69,2.79
DEI147,HIV+,Unvaccinated,WT Spike,BAL,NA,NA,1.5899999999999999,1.46
DEI148,HIV+,Vaccinated,WT Spike,PB,NA,NA,2.12,3.81
DEI148,HIV+,Vaccinated,WT Spike,BAL,NA,NA,1.88,2.54
DEI149,HIV+,Vaccinated,WT Spike,PB,NA,NA,2.3,3.18
DEI149,HIV+,Vaccinated,WT Spike,BAL,NA,NA,1.54,1.92
DEI14A,HIV+,Vaccinated,WT Spike,PB,NA,NA,2.52,3.52
DEI14A,HIV+,Vaccinated,WT Spike,BAL,NA,NA,1.6400000000000001,1.6
DEI14B,HIV-,Unvaccinated,WT Spike,PB,NA,NA,3.0199999999999996,3.69
DEI14B,HIV-,Unvaccinated,WT Spike,BAL,NA,NA,2.71,2.5
DEI14G,HIV+,Unvaccinated,WT Spike,PB,NA,NA,1.58,2.26
DEI14G,HIV+,Unvaccinated,WT Spike,BAL,NA,NA,1.42,0.41
DEI10S,HIV-,Unvaccinated,WT Nucleocapsid,BAL,-0.5243288116755703,-0.39685562737981767,NA,NA
DEI10S,HIV-,Unvaccinated,WT Spike,BAL,-1.3098039199714864,-2.5228787452803374,NA,NA
DEI10S,HIV-,Unvaccinated,WT Nucleocapsid,PB,-0.543633966870957,-0.906578314837765,NA,NA
DEI10S,HIV-,Unvaccinated,WT Spike,PB,-1.0969100130080565,-2.0969100130080562,NA,NA
DEI10T,HIV-,Unvaccinated,WT Nucleocapsid,BAL,0.41279642871654343,0.3836358683618797,NA,NA
DEI10T,HIV-,Unvaccinated,WT Spike,BAL,-0.7055337738384071,-0.9913998282380825,NA,NA
DEI10T,HIV-,Unvaccinated,WT Nucleocapsid,PB,-2.5228787452803374,-2.3979400086720375,NA,NA
DEI10T,HIV-,Unvaccinated,WT Spike,PB,-2.5228787452803374,-2.3010299956639813,NA,NA
DEI10U,HIV-,Unvaccinated,WT Nucleocapsid,BAL,-1.5228787452803376,-2.5228787452803374,NA,NA
DEI10U,HIV-,Unvaccinated,WT Spike,BAL,-0.5030703519267851,-1.494850021680094,NA,NA
DEI10U,HIV-,Unvaccinated,WT Nucleocapsid,PB,-2.221848749616356,-1.8860566476931633,NA,NA
DEI10U,HIV-,Unvaccinated,WT Spike,PB,-2.5228787452803374,-2.5228787452803374,NA,NA
DEI110,HIV-,Unvaccinated,WT Nucleocapsid,BAL,0.125481265700594,-0.29157909986528724,NA,NA
DEI110,HIV-,Unvaccinated,WT Spike,BAL,0.07371835034612269,-0.2765443279648142,NA,NA
DEI110,HIV-,Unvaccinated,WT Nucleocapsid,PB,-1.7212463990471711,-2.0969100130080562,NA,NA
DEI110,HIV-,Unvaccinated,WT Spike,PB,-1.958607314841775,-1.7695510786217261,NA,NA
DEI114,HIV+,Unvaccinated,WT Nucleocapsid,BAL,-2.5228787452803374,-1.0915149811213503,NA,NA
DEI114,HIV+,Unvaccinated,WT Spike,BAL,-0.7423214251308154,-0.8507808873446201,NA,NA
DEI114,HIV+,Unvaccinated,WT Nucleocapsid,PB,-1.5528419686577808,-2.221848749616356,NA,NA
DEI114,HIV+,Unvaccinated,WT Spike,PB,-1.853871964321762,-2.0457574905606752,NA,NA
DEI115,HIV+,Vaccinated,WT Nucleocapsid,BAL,-0.5072396109731625,-1.0362121726544447,NA,NA
DEI115,HIV+,Vaccinated,WT Spike,BAL,-0.44369749923271273,-0.5072396109731625,NA,NA
DEI115,HIV+,Vaccinated,WT Nucleocapsid,PB,-1.6382721639824072,-2.5228787452803374,NA,NA
DEI115,HIV+,Vaccinated,WT Spike,PB,-1.6575773191777938,-2.154901959985743,NA,NA
DEI11C,HIV+,Unvaccinated,WT Nucleocapsid,BAL,-0.33254704711004607,-0.14266750356873156,NA,NA
DEI11C,HIV+,Unvaccinated,WT Spike,BAL,-0.16367588429324828,-0.31695296176115045,NA,NA
DEI11C,HIV+,Unvaccinated,WT Nucleocapsid,PB,-1.4436974992327127,-1.0969100130080565,NA,NA
DEI11C,HIV+,Unvaccinated,WT Spike,PB,-2.0457574905606752,-0.5767541260631921,NA,NA
DEI11D,HIV+,Vaccinated,WT Nucleocapsid,BAL,-0.4921441283041691,-0.15428198203334137,NA,NA
DEI11D,HIV+,Vaccinated,WT Spike,BAL,0.36567514045591776,-0.08565684288055925,NA,NA
DEI11D,HIV+,Vaccinated,WT Nucleocapsid,PB,-0.5783960731301689,-1.2365720064370627,NA,NA
DEI11D,HIV+,Vaccinated,WT Spike,PB,-1.6575773191777938,-1.585026652029182,NA,NA
DEI11I,HIV+,Unvaccinated,WT Nucleocapsid,BAL,-0.38615817812393083,-2.5228787452803374,NA,NA
DEI11I,HIV+,Unvaccinated,WT Spike,BAL,-2.5228787452803374,-2.5228787452803374,NA,NA
DEI11I,HIV+,Unvaccinated,WT Nucleocapsid,PB,-1.6197887582883939,-1.3565473235138126,NA,NA
DEI11I,HIV+,Unvaccinated,WT Spike,PB,-0.8416375079047503,-0.44611697335612566,NA,NA
DEI11K,HIV-,Unvaccinated,WT Nucleocapsid,BAL,-0.39685562737981767,-0.6307841425898572,NA,NA
DEI11K,HIV-,Unvaccinated,WT Spike,BAL,-0.5376020021010439,-1.1804560644581312,NA,NA
DEI11K,HIV-,Unvaccinated,WT Nucleocapsid,PB,-1.3467874862246563,-2.5228787452803374,NA,NA
DEI11K,HIV-,Unvaccinated,WT Spike,PB,-1.6020599913279623,-2.5228787452803374,NA,NA
