PID,HIV_status,PB,BAL,Stimulant
DEI 103,HIV-,-0.48678239993206096,-0.2831622767004755,WT Spike
DEI 104,HIV-,-2.5228787452803374,-0.4522252946121775,WT Spike
DEI 107,HIV-,-1.585026652029182,-0.5199930570428494,WT Nucleocapsid
DEI 107,HIV-,-1.3665315444204136,-0.14206473528057098,WT Spike
DEI 108,HIV-,-1.193820026016113,-0.1778319206319825,WT Nucleocapsid
DEI 108,HIV-,-1.9208187539523751,-0.27818938478745336,WT Spike
DEI 109,HIV-,0.14921911265537988,-0.5361070110140927,WT Nucleocapsid
DEI 109,HIV-,0.1878026387184193,-2.5228787452803374,WT Spike
DEI 10A,HIV-,-0.8068754016455384,-1.2839966563652008,WT Nucleocapsid
DEI 10A,HIV-,-1.6382721639824072,-2.5228787452803374,WT Spike
DEI 10E,HIV-,-1.2218487496163564,-0.6345120151091003,WT Nucleocapsid
DEI 10E,HIV-,-2.5228787452803374,-0.9913998282380825,WT Spike
DEI 10F,HIV-,-0.13194363817695845,-2.5228787452803374,WT Nucleocapsid
DEI 10F,HIV-,-0.07058107428570728,-1.0861861476162833,WT Spike
DEI 10G,HIV-,-1.6382721639824072,0.1931245983544616,WT Nucleocapsid
DEI 10G,HIV-,-1.4685210829577449,0.2966651902615311,WT Spike
DEI 10H,HIV-,-1.7695510786217261,-0.3545777306509081,WT Nucleocapsid
DEI 10H,HIV-,-1.6020599913279623,-0.431798275933005,WT Spike
DEI 10I,HIV-,-2,-0.8477116556169435,WT Nucleocapsid
DEI 10I,HIV-,-0.769551078621726,-0.5654310959658012,WT Spike
DEI 10J,HIV+,-2,0.0867156639448825,WT Nucleocapsid
DEI 10J,HIV+,-1.7958800173440752,-0.6179829574251317,WT Spike
DEI 10K,HIV+,-1.3872161432802645,-0.5072396109731625,WT Nucleocapsid
DEI 10K,HIV+,-1.3010299956639813,-0.6736641390712486,WT Spike
DEI 10L,HIV-,-1.4436974992327127,0.33465476688324136,WT Nucleocapsid
DEI 10L,HIV-,-2.5228787452803374,-0.3757179041643317,WT Spike
DEI 10M,HIV-,-1.2365720064370627,-0.42021640338318983,WT Nucleocapsid
DEI 10M,HIV-,-2.5228787452803374,-0.7931741239681502,WT Spike
DEI 10N,HIV+,-2.5228787452803374,-0.769551078621726,WT Nucleocapsid
DEI 10N,HIV+,-2.0457574905606752,-1.0409586076789064,WT Spike
DEI 10P,HIV+,-0.2580609222708011,-0.790484985457369,WT Nucleocapsid
DEI 10P,HIV+,-1.1611509092627446,-0.2588484011482149,WT Spike
DEI 10Q,HIV-,-1.7212463990471711,-1.2839966563652008,WT Nucleocapsid
DEI 10Q,HIV-,-2.3010299956639813,-0.35556141053216145,WT Spike
DEI 10R,HIV+,-2.5228787452803374,-0.9546770212133425,WT Nucleocapsid
DEI 10R,HIV+,-2.5228787452803374,-0.8507808873446201,WT Spike
DEI 10S,HIV-,-0.543633966870957,-0.5243288116755703,WT Nucleocapsid
DEI 10S,HIV-,-1.0969100130080565,-1.3098039199714864,WT Spike
DEI 10T,HIV-,-2.5228787452803374,0.41279642871654343,WT Nucleocapsid
DEI 10T,HIV-,-2.5228787452803374,-0.7055337738384071,WT Spike
DEI 10U,HIV-,-2.221848749616356,-1.5228787452803376,WT Nucleocapsid
DEI 10U,HIV-,-2.5228787452803374,-0.5030703519267851,WT Spike
DEI 10V,HIV-,-2.0457574905606752,-2.0457574905606752,WT Nucleocapsid
DEI 10V,HIV-,-1.8860566476931633,-1.7212463990471711,WT Spike
DEI 10W,HIV-,-2.5228787452803374,-1.6777807052660807,WT Nucleocapsid
DEI 10W,HIV-,-2.5228787452803374,-0.42021640338318983,WT Spike
DEI 10Y,HIV-,-2,0.3159703454569177,WT Nucleocapsid
DEI 10Y,HIV-,-2.5228787452803374,-0.6536470255493614,WT Spike
DEI 110,HIV-,-1.7212463990471711,0.125481265700594,WT Nucleocapsid
DEI 110,HIV-,-1.958607314841775,0.07371835034612269,WT Spike
DEI 112,HIV+,-1.3565473235138126,-0.10182351650232342,WT Nucleocapsid
DEI 112,HIV+,-0.2975694635544747,0.1705550585212085,WT Spike
DEI 114,HIV+,-1.5528419686577808,-2.5228787452803374,WT Nucleocapsid
DEI 114,HIV+,-1.853871964321762,-0.7423214251308154,WT Spike
DEI 115,HIV+,-1.6382721639824072,-0.5072396109731625,WT Nucleocapsid
DEI 115,HIV+,-1.6575773191777938,-0.44369749923271273,WT Spike
DEI 118,HIV+,-0.7798919119599449,-0.20690839982341983,WT Nucleocapsid
DEI 118,HIV+,-0.7144426909922262,-0.8794260687941501,WT Spike
DEI 11A,HIV+,-2.5228787452803374,-2.5228787452803374,WT Nucleocapsid
DEI 11A,HIV+,-1.6777807052660807,-1.853871964321762,WT Spike
DEI 11B,HIV-,-2.0457574905606752,-2.5228787452803374,WT Nucleocapsid
DEI 11B,HIV-,-1.7212463990471711,0.7442929831226762,WT Spike
DEI 11C,HIV+,-1.4436974992327127,-0.33254704711004607,WT Nucleocapsid
DEI 11C,HIV+,-2.0457574905606752,-0.16367588429324828,WT Spike
DEI 11D,HIV+,-0.5783960731301689,-0.4921441283041691,WT Nucleocapsid
DEI 11D,HIV+,-1.6575773191777938,0.36567514045591776,WT Spike
DEI 11G,HIV+,-1.7212463990471711,-0.6757175447023074,WT Nucleocapsid
DEI 11G,HIV+,-1.958607314841775,-0.9546770212133425,WT Spike
DEI 11I,HIV+,-1.6197887582883939,-0.38615817812393083,WT Nucleocapsid
DEI 11I,HIV+,-0.8416375079047503,-2.5228787452803374,WT Spike
DEI 11K,HIV-,-1.3467874862246563,-0.39685562737981767,WT Nucleocapsid
DEI 11K,HIV-,-1.6020599913279623,-0.5376020021010439,WT Spike
DEI 11N,HIV-,-2.5228787452803374,-2.5228787452803374,WT Nucleocapsid
DEI 11N,HIV-,-0.2062096153091813,-2.5228787452803374,WT Spike
DEI 11P,HIV+,-0.059981844992336796,-2.5228787452803374,WT Nucleocapsid
DEI 11P,HIV+,0.18864729599971736,-1.9208187539523751,WT Spike
DEI 11Q,HIV-,-1.5686362358410126,-1.7695510786217261,WT Nucleocapsid
DEI 11Q,HIV-,-1.408935392973501,-2.5228787452803374,WT Spike
DEI 11R,HIV+,-1.958607314841775,-2.5228787452803374,WT Nucleocapsid
DEI 11R,HIV+,-2.5228787452803374,-0.9913998282380825,WT Spike
DEI 11U,HIV-,-1.3010299956639813,-0.04963514562387693,WT Nucleocapsid
DEI 11U,HIV-,-2.0969100130080562,-0.6345120151091003,WT Spike
DEI 11V,HIV-,-2,-0.26440110030182007,WT Nucleocapsid
DEI 11V,HIV-,-2.5228787452803374,-2.5228787452803374,WT Spike
DEI 11Y,HIV-,-2.0969100130080562,-1.537602002101044,WT Nucleocapsid
DEI 11Y,HIV-,-0.11125903931710739,-2.5228787452803374,WT Spike
DEI 11Z,HIV-,-1.6777807052660807,-0.3372421683184259,WT Nucleocapsid
DEI 11Z,HIV-,-2.221848749616356,-1.494850021680094,WT Spike
DEI 13V,HIV-,-2.221848749616356,-2.221848749616356,WT Nucleocapsid
DEI 13V,HIV-,-2.5228787452803374,-2.5228787452803374,WT Spike
DEI 141,HIV-,-1.4436974992327127,-0.21395878975744578,WT Nucleocapsid
DEI 141,HIV-,-1.1674910872937636,-0.9136401693252518,WT Spike
DEI 143,HIV-,0.20085049809107747,-1.275724130399211,WT Nucleocapsid
DEI 143,HIV-,-0.02181948306258609,-0.6536470255493614,WT Spike
